assistance_id,loan_id,program_id,assistance_start_date,duration_months,assistance_count_for_customer,successful_cure,redefaulted
1,4443,4,2025-07-02,2,2,1,0
2,1049,2,2023-02-09,3,3,1,0
3,1960,3,2023-06-20,4,3,1,0
4,1579,3,2025-11-11,3,2,1,1
5,3699,4,2022-04-11,6,4,1,1
6,350,3,2025-05-25,7,1,1,0
7,5676,1,2024-10-02,11,1,1,0
8,1479,4,2023-10-18,7,2,1,0
9,1821,3,2025-07-07,1,4,1,0
10,6894,1,2023-07-28,5,4,1,0
11,6882,1,2024-08-12,3,3,0,1
12,1242,1,2025-05-04,1,1,1,0
13,3931,1,2022-09-09,1,4,0,0
14,5366,3,2025-04-10,2,2,1,1
15,6457,2,2022-10-10,10,1,1,0
16,876,1,2023-07-28,8,2,0,0
17,3721,4,2025-11-29,4,4,0,1
18,5910,3,2024-02-10,10,3,1,0
19,6604,1,2022-01-17,3,1,1,0
20,1542,4,2022-01-03,8,4,1,0
21,5787,1,2025-02-08,2,4,0,1
22,6400,2,2025-07-23,9,2,0,0
23,3706,1,2024-01-15,4,1,1,0
24,3702,2,2025-01-29,11,4,1,0
25,3539,4,2024-06-29,9,3,1,0
26,820,3,2024-07-28,1,1,1,1
27,3910,1,2025-11-19,5,2,1,0
28,5626,2,2023-10-27,10,3,1,0
29,4017,4,2022-06-12,7,4,1,0
30,209,1,2025-07-04,11,4,1,1
31,1885,1,2022-12-15,4,4,0,0
32,4503,1,2022-01-29,5,4,1,0
33,2129,2,2023-02-10,11,2,1,0
34,3989,3,2022-04-28,9,3,0,1
35,107,4,2025-08-21,6,1,1,1
36,2696,2,2024-07-05,6,4,1,0
37,2486,3,2024-07-24,2,3,1,0
38,3086,4,2024-05-27,1,3,0,0
39,5663,2,2024-08-01,4,3,0,0
40,4787,2,2022-10-05,10,3,0,0
41,4030,3,2023-10-10,3,2,1,0
42,1426,4,2022-08-01,11,3,1,0
43,4606,3,2022-03-25,7,2,1,1
44,5551,3,2023-08-06,7,2,1,1
45,1118,2,2024-04-22,6,4,0,0
46,2130,3,2024-10-14,5,1,1,0
47,6836,1,2024-10-05,3,1,1,0
48,6393,1,2022-10-28,4,3,0,0
49,4057,1,2024-02-16,5,3,1,0
50,241,1,2025-10-28,4,1,0,1
51,165,4,2023-02-27,3,1,1,1
52,1497,3,2022-04-30,2,2,1,1
53,5406,3,2022-05-18,5,3,1,0
54,3102,1,2025-05-24,2,1,0,1
55,2507,4,2023-06-18,2,1,0,1
56,304,3,2023-01-17,2,2,1,0
57,4775,1,2022-05-19,2,4,0,1
58,4891,2,2025-12-01,8,2,1,1
59,912,3,2023-04-18,7,1,0,1
60,5094,2,2022-04-02,9,3,1,0
61,6048,3,2023-07-23,3,4,1,0
62,2973,3,2022-01-28,1,2,1,1
63,4020,3,2022-12-21,6,4,0,0
64,2762,2,2022-07-20,9,4,1,1
65,606,4,2024-08-15,1,2,1,0
66,6603,2,2022-09-22,1,3,1,1
67,1039,1,2024-10-16,4,1,1,0
68,6444,4,2024-01-01,10,1,1,0
69,407,2,2025-07-31,1,3,1,1
70,1072,2,2023-08-30,9,4,0,0
71,4210,1,2025-06-09,6,3,1,0
72,6599,2,2023-11-10,5,4,1,1
73,6013,4,2023-05-01,11,2,1,0
74,4622,2,2024-04-05,5,4,0,0
75,6089,4,2025-05-30,11,1,0,1
76,4918,1,2023-03-01,11,1,1,0
77,4444,4,2023-02-10,11,4,1,0
78,5062,2,2024-08-02,2,1,0,1
79,6315,1,2022-07-26,3,3,0,0
80,1453,4,2022-11-21,7,4,1,1
81,2454,4,2024-10-16,4,3,0,0
82,5500,3,2024-01-13,6,1,0,0
83,5181,3,2022-09-25,8,3,1,0
84,6674,2,2022-09-23,1,4,1,0
85,2988,3,2024-06-12,11,3,1,1
86,2790,2,2024-02-05,6,3,1,0
87,3670,1,2025-12-09,1,1,0,0
88,201,4,2024-12-01,8,1,1,1
89,6201,1,2023-03-17,4,4,0,1
90,6229,1,2025-02-18,5,4,0,1
91,783,3,2025-05-11,10,1,0,0
92,2761,4,2023-07-17,2,2,1,0
93,5226,1,2024-07-25,3,1,1,0
94,4922,4,2024-08-26,7,2,1,0
95,3714,4,2022-01-21,7,3,0,0
96,5653,1,2025-01-27,11,4,1,0
97,939,4,2023-07-28,8,3,1,1
98,3117,2,2025-05-24,3,3,0,0
99,3618,4,2025-06-01,2,1,1,0
100,2421,2,2025-08-15,2,4,1,1
101,5191,2,2022-10-25,6,2,1,0
102,764,2,2024-05-15,2,1,0,1
103,2895,1,2022-08-17,11,1,1,1
104,1255,2,2022-06-21,4,3,0,0
105,4620,4,2025-07-29,9,2,1,0
106,1799,3,2023-03-02,10,1,1,0
107,5189,3,2023-01-11,3,4,1,1
108,5231,3,2023-06-09,1,2,0,0
109,4967,2,2022-05-03,2,1,1,0
110,1270,1,2022-11-27,10,3,1,0
111,6044,2,2022-09-04,10,1,0,0
112,4194,3,2022-05-25,7,2,0,1
113,2841,4,2024-02-06,9,3,0,1
114,5442,2,2022-12-20,9,1,0,0
115,6963,3,2024-02-17,4,2,0,0
116,713,4,2025-06-22,8,2,0,0
117,674,1,2024-06-22,1,3,1,1
118,4605,4,2024-05-22,11,3,1,0
119,942,1,2024-12-26,11,4,1,1
120,943,4,2023-07-25,6,4,0,0
121,4472,1,2023-05-23,8,1,1,0
122,3744,1,2024-09-29,2,4,1,0
123,1917,1,2024-12-29,8,4,1,0
124,6284,2,2022-02-01,4,3,1,1
125,3837,4,2025-12-16,2,1,1,0
126,2429,1,2025-09-29,4,2,0,1
127,6547,4,2025-12-25,8,3,0,1
128,3375,2,2023-02-24,4,2,0,1
129,1190,3,2025-06-14,8,4,0,0
130,4857,3,2024-10-12,7,4,1,0
131,2954,1,2023-12-27,5,4,1,0
132,2314,2,2025-07-06,8,2,1,1
133,5475,4,2025-05-10,2,1,0,0
134,3625,1,2022-08-25,3,3,1,0
135,1253,3,2023-06-30,4,4,0,1
136,1910,2,2024-01-02,10,4,0,0
137,2247,3,2025-07-07,5,1,1,0
138,2675,2,2023-02-24,5,3,1,0
139,3325,3,2023-09-13,1,1,1,1
140,5834,1,2023-03-31,1,1,0,0
141,2603,1,2023-04-12,11,4,1,1
142,5798,1,2024-07-04,1,4,1,0
143,155,3,2022-06-02,5,1,1,1
144,2848,4,2022-09-04,2,2,1,0
145,2675,3,2024-05-09,3,4,0,0
146,5959,3,2025-09-18,8,3,1,1
147,5808,4,2025-05-08,10,4,1,0
148,3866,1,2022-04-13,8,2,1,0
149,4054,3,2025-05-23,10,2,1,0
150,3642,3,2024-08-11,2,1,0,0
151,2380,1,2022-08-30,8,1,0,0
152,4504,3,2023-07-06,11,2,0,0
153,1528,4,2025-09-04,9,3,1,0
154,5814,2,2024-10-30,10,1,0,0
155,626,3,2022-07-05,10,2,0,0
156,686,4,2024-11-24,6,3,1,1
157,1466,1,2025-12-07,1,3,1,1
158,2464,2,2024-04-27,11,2,1,0
159,3472,1,2023-09-05,11,2,1,0
160,5210,1,2022-01-21,3,3,1,0
161,6086,1,2022-10-27,5,3,0,1
162,5057,2,2024-02-18,3,2,1,0
163,4237,4,2025-08-12,3,2,0,0
164,870,4,2023-05-15,9,4,1,0
165,3078,4,2023-06-19,5,3,1,0
166,3814,4,2023-12-25,8,1,1,0
167,1932,2,2023-09-25,7,4,0,0
168,905,1,2024-06-02,4,4,0,0
169,5460,3,2025-11-12,3,3,1,0
170,1851,2,2023-02-10,3,3,0,0
171,2023,1,2024-07-19,11,4,1,0
172,1243,3,2025-09-27,2,3,1,0
173,2627,1,2023-12-07,5,3,1,0
174,2712,4,2023-08-15,2,1,1,0
175,1295,2,2024-03-06,2,2,1,1
176,2786,2,2025-08-23,4,4,0,0
177,4159,3,2025-11-13,6,3,1,1
178,5938,2,2025-09-27,6,2,0,0
179,864,1,2022-07-25,8,2,1,0
180,1557,1,2024-10-20,11,2,0,1
181,2561,3,2025-01-20,6,3,1,1
182,2303,3,2025-08-10,6,4,1,0
183,737,3,2023-10-20,4,4,0,0
184,6270,3,2024-01-29,5,3,1,0
185,779,4,2025-07-31,11,3,1,1
186,3523,1,2023-08-12,7,4,1,1
187,5526,1,2024-04-02,10,4,1,1
188,5834,1,2025-01-31,11,4,1,0
189,4716,1,2024-03-10,9,1,0,1
190,4184,4,2023-08-05,4,2,0,0
191,1415,3,2022-02-02,10,1,0,0
192,5489,2,2022-05-16,1,1,0,1
193,4785,1,2022-12-15,6,3,0,1
194,4737,2,2024-12-27,2,2,1,0
195,6591,4,2023-05-14,11,2,0,0
196,6464,4,2022-04-22,7,4,0,0
197,5018,3,2024-09-08,6,3,1,1
198,4369,4,2024-01-17,9,3,0,0
199,6795,3,2022-12-16,6,4,0,0
200,4733,2,2022-12-26,6,4,1,0
201,522,4,2023-06-03,4,1,0,0
202,5698,3,2022-11-11,9,4,1,0
203,2848,2,2022-05-12,3,4,1,0
204,4112,1,2022-06-16,1,3,1,1
205,2416,3,2025-05-03,11,1,0,0
206,6395,3,2023-08-09,10,2,0,0
207,4890,2,2023-12-13,8,1,1,0
208,4456,2,2024-09-01,8,3,1,0
209,231,2,2022-11-17,11,2,1,0
210,5962,2,2025-01-11,1,1,1,0
211,4708,2,2022-02-11,9,4,0,1
212,6750,3,2023-10-23,2,1,1,0
213,3465,2,2022-11-05,6,2,0,0
214,2565,1,2022-12-13,9,1,0,1
215,519,2,2022-03-02,6,1,1,0
216,484,4,2022-08-14,7,1,0,0
217,2113,3,2023-08-14,9,4,1,0
218,2267,1,2023-02-17,5,3,1,1
219,3852,3,2024-05-24,1,3,0,0
220,5328,4,2022-11-15,9,3,0,1
221,4272,2,2026-01-01,10,1,0,1
222,6856,3,2022-11-12,7,2,0,0
223,3865,3,2024-09-16,8,1,1,0
224,5005,2,2024-10-29,2,1,0,0
225,5545,3,2022-01-01,5,3,1,0
226,1034,3,2025-02-19,8,3,1,0
227,766,3,2025-04-17,7,4,0,0
228,3361,4,2024-11-21,7,1,1,1
229,5027,4,2024-12-17,4,4,1,1
230,6053,4,2022-10-21,2,4,0,0
231,6759,1,2025-06-07,10,4,1,1
232,988,3,2024-12-09,3,3,1,0
233,16,2,2025-08-23,9,4,1,0
234,6689,2,2024-06-21,4,1,0,0
235,1571,3,2024-12-20,1,4,1,0
236,6327,2,2023-01-10,10,3,1,1
237,5222,1,2022-08-20,4,1,1,1
238,4428,2,2024-10-13,8,1,1,0
239,79,4,2024-02-12,8,2,1,0
240,3089,4,2024-06-26,10,3,1,0
241,1819,4,2022-02-19,10,2,1,0
242,1045,4,2025-05-06,2,3,0,0
243,6549,2,2024-08-05,10,3,0,0
244,5137,3,2022-03-09,4,3,1,0
245,1612,1,2022-08-31,7,2,0,0
246,432,1,2025-01-03,8,4,1,0
247,2604,2,2025-10-18,1,3,0,0
248,5540,2,2023-12-20,8,1,1,0
249,2076,4,2023-05-04,1,1,1,1
250,5145,3,2025-12-25,6,3,1,0
251,6447,4,2024-12-29,5,3,0,0
252,613,3,2022-09-02,10,3,1,0
253,5938,4,2023-07-27,7,4,1,0
254,4351,1,2022-03-28,6,3,1,0
255,272,3,2023-09-10,10,4,1,0
256,3708,1,2022-12-02,1,4,1,1
257,4658,4,2025-11-17,6,3,0,1
258,6143,1,2024-12-23,3,3,0,1
259,4432,2,2024-11-17,6,4,1,0
260,758,1,2023-02-05,7,2,0,1
261,4304,1,2022-04-17,6,4,1,0
262,4131,4,2025-04-17,9,1,0,0
263,114,1,2022-11-24,9,3,1,0
264,5152,1,2024-08-12,8,2,0,0
265,6909,2,2024-01-29,5,2,1,0
266,6999,3,2024-01-01,10,3,1,0
267,6904,3,2025-03-14,3,2,1,0
268,5017,1,2022-07-24,4,1,1,1
269,1963,3,2024-06-23,11,3,1,0
270,6300,3,2025-06-29,10,4,1,0
271,3066,1,2023-03-01,8,3,0,0
272,3949,4,2024-02-12,9,1,0,1
273,834,1,2023-08-06,8,2,1,0
274,5983,3,2023-12-18,10,3,1,0
275,6497,2,2025-10-08,3,1,1,0
276,929,3,2024-06-25,7,4,1,0
277,5423,4,2025-10-01,11,1,1,1
278,5238,1,2024-08-29,8,3,1,1
279,2083,3,2025-03-24,3,1,1,1
280,2916,3,2024-06-05,1,4,1,0
281,1344,2,2022-04-03,7,3,0,0
282,4314,4,2023-06-30,3,2,0,1
283,5388,3,2024-09-15,1,3,0,0
284,6008,3,2024-08-15,7,4,1,0
285,5813,1,2022-07-21,11,4,1,1
286,2092,4,2022-07-23,7,3,1,0
287,1198,2,2025-05-24,4,4,1,0
288,3851,3,2022-03-07,2,1,1,0
289,198,4,2022-06-07,10,1,1,0
290,857,4,2025-09-01,5,2,0,1
291,4398,4,2023-03-25,11,3,0,0
292,1979,4,2023-01-12,11,2,0,0
293,6971,3,2024-02-29,9,1,1,1
294,3171,4,2024-03-16,6,2,1,1
295,4501,1,2022-09-14,10,4,0,1
296,6866,1,2025-03-03,9,3,1,1
297,6856,2,2025-06-23,1,3,0,0
298,994,2,2024-04-01,2,3,1,1
299,846,4,2025-06-04,11,1,1,0
300,6291,2,2024-04-06,6,4,1,1
301,1748,4,2024-11-01,3,1,1,0
302,5508,1,2024-08-21,2,4,1,0
303,4966,1,2025-01-08,6,4,0,0
304,1568,1,2025-09-01,7,3,0,1
305,346,1,2022-09-30,4,1,1,0
306,156,2,2023-10-31,10,2,1,1
307,5562,2,2024-05-16,9,2,1,0
308,5033,4,2025-04-12,11,3,1,0
309,3811,2,2025-11-01,3,1,1,1
310,5921,1,2022-05-03,2,4,1,0
311,142,1,2025-08-10,11,3,1,0
312,104,4,2024-11-21,5,2,1,1
313,1239,1,2024-09-25,9,2,0,1
314,4050,1,2024-09-01,1,4,0,0
315,4204,4,2022-02-25,6,1,1,1
316,3532,4,2023-07-04,8,2,0,0
317,3876,3,2024-11-06,7,1,1,0
318,6681,2,2023-03-14,6,1,1,0
319,1253,2,2025-05-19,3,2,1,0
320,4723,4,2023-05-02,9,2,0,0
321,208,3,2025-08-30,5,3,1,0
322,6846,2,2023-02-08,1,1,1,0
323,4823,1,2024-07-15,9,3,1,0
324,5641,4,2025-10-14,10,1,1,0
325,3691,4,2023-11-28,9,2,1,0
326,1763,2,2025-10-16,1,1,1,0
327,5853,1,2023-05-23,7,3,1,0
328,718,1,2022-12-19,9,1,0,0
329,3909,4,2023-05-15,2,2,1,0
330,1429,4,2025-05-30,10,3,1,0
331,4277,1,2022-02-17,6,1,1,1
332,641,4,2025-08-08,10,1,0,0
333,1823,3,2024-04-08,1,1,1,0
334,5805,2,2022-03-13,3,1,0,0
335,3049,1,2023-05-19,11,4,1,0
336,3228,2,2025-11-21,5,1,1,0
337,1920,3,2024-08-27,7,2,1,1
338,1411,4,2024-11-16,11,2,1,0
339,6260,2,2025-10-25,5,3,0,0
340,471,2,2022-07-16,8,1,0,0
341,5800,4,2023-06-05,5,4,1,0
342,4100,2,2022-12-23,6,4,1,0
343,6138,2,2022-11-12,2,2,1,0
344,6342,3,2025-01-23,5,4,0,1
345,2252,2,2022-03-12,7,2,1,1
346,1402,4,2025-05-10,1,1,0,1
347,6718,4,2023-11-30,10,3,0,0
348,4679,4,2024-01-25,9,1,1,0
349,4700,1,2022-07-04,9,4,1,0
350,1498,3,2022-10-16,8,3,0,1
351,6832,2,2025-06-18,11,3,0,0
352,3463,2,2025-04-29,9,2,1,0
353,1721,4,2022-04-28,5,3,0,0
354,6712,4,2025-07-04,7,2,0,0
355,579,4,2022-12-05,1,4,1,1
356,5005,4,2025-11-04,7,2,0,0
357,2484,1,2023-10-13,9,1,1,0
358,2111,3,2025-02-24,3,4,1,1
359,2601,3,2023-03-22,9,1,0,1
360,6091,1,2024-11-03,5,4,1,1
361,743,2,2023-08-14,9,3,0,0
362,5783,2,2022-08-23,8,4,0,0
363,4271,3,2022-04-21,11,1,1,0
364,3905,3,2024-09-23,7,4,1,0
365,5023,2,2023-08-18,10,1,1,1
366,6753,1,2024-08-29,6,3,0,0
367,2031,1,2022-01-25,2,1,1,0
368,5860,2,2025-08-26,7,2,1,0
369,3108,1,2025-06-19,2,4,1,1
370,4261,4,2024-05-21,6,1,1,0
371,5024,3,2025-06-06,6,1,1,0
372,2229,2,2025-07-04,9,1,1,1
373,5532,4,2022-05-11,10,2,1,0
374,3265,4,2024-04-19,11,3,1,1
375,4399,1,2022-02-28,4,2,1,1
376,1735,1,2023-05-30,9,3,1,1
377,4944,3,2022-08-18,2,2,0,0
378,6390,3,2022-01-02,5,1,1,1
379,5024,2,2022-03-07,3,2,1,0
380,2456,3,2022-01-24,6,4,0,0
381,4110,4,2023-04-28,2,3,0,0
382,1455,3,2022-09-13,10,1,0,0
383,2127,4,2022-10-16,9,3,1,1
384,3956,4,2023-11-14,4,1,1,1
385,1,2,2025-11-12,7,1,0,0
386,5084,1,2022-03-12,5,4,0,0
387,6931,3,2024-09-17,8,2,1,0
388,6970,2,2023-03-04,4,4,1,0
389,647,3,2023-12-20,7,3,0,0
390,6610,4,2024-05-31,11,2,1,0
391,2543,3,2025-09-19,5,3,1,1
392,1869,1,2023-10-30,3,2,1,0
393,3187,3,2023-06-18,8,4,1,0
394,2624,3,2025-08-12,6,1,0,0
395,3346,4,2023-02-12,4,3,1,0
396,5567,3,2024-10-21,9,3,1,1
397,708,1,2023-12-12,9,4,1,1
398,5426,3,2024-02-07,2,4,0,0
399,3396,4,2023-08-26,10,2,1,0
400,603,2,2025-05-21,9,3,1,0
401,2832,4,2024-10-11,4,4,1,0
402,4494,4,2022-12-14,9,2,1,1
403,6078,4,2022-07-01,10,2,0,0
404,3662,2,2023-06-01,8,3,0,0
405,6535,1,2025-05-24,10,2,0,1
406,4845,4,2024-01-26,3,4,1,0
407,3384,4,2025-04-15,10,4,1,1
408,4110,1,2023-01-28,7,4,0,0
409,5290,1,2023-07-31,2,3,1,0
410,2157,3,2025-05-26,2,4,1,0
411,3910,1,2025-09-24,4,1,1,1
412,5950,2,2025-10-16,10,2,1,1
413,2091,4,2023-05-06,7,1,1,0
414,2873,4,2023-11-05,4,2,0,0
415,2406,2,2025-12-01,2,3,0,1
416,4571,3,2024-01-31,2,4,0,1
417,1099,4,2023-08-29,5,2,1,1
418,1951,4,2024-08-25,3,2,1,0
419,3379,3,2024-04-27,3,4,0,1
420,3825,3,2024-08-31,1,3,0,0
421,2553,3,2025-08-11,3,1,0,0
422,2883,2,2022-05-05,4,3,0,0
423,4993,2,2025-08-11,6,4,1,1
424,6224,1,2022-04-02,11,1,1,1
425,5804,3,2022-01-09,6,4,0,0
426,2011,2,2023-10-22,5,1,0,0
427,494,2,2025-07-01,4,2,1,0
428,1852,1,2025-04-12,6,4,0,1
429,5379,2,2022-05-12,5,4,1,0
430,6648,4,2024-07-01,10,2,0,1
431,6770,2,2023-07-22,1,4,1,0
432,4944,3,2024-07-12,2,1,1,1
433,2159,1,2025-08-31,9,4,0,0
434,5942,3,2024-04-09,10,3,0,0
435,5634,3,2022-02-25,4,1,1,0
436,4637,1,2024-11-06,6,4,1,0
437,6928,4,2023-04-06,5,2,1,0
438,2295,1,2022-02-10,2,3,1,0
439,6751,4,2024-08-30,1,3,1,0
440,4842,4,2025-04-02,1,2,0,0
441,3387,3,2024-02-22,1,3,0,0
442,1419,3,2022-10-03,6,3,0,1
443,3827,3,2024-10-08,10,1,0,0
444,5600,3,2022-10-09,7,4,1,0
445,5144,1,2023-02-11,7,1,0,1
446,3923,2,2023-12-09,9,2,0,1
447,5792,1,2025-03-02,3,1,0,0
448,2890,2,2023-01-21,9,3,0,0
449,4790,1,2024-06-14,1,2,0,1
450,241,3,2025-06-06,2,4,0,0
451,4792,2,2023-12-17,7,2,1,0
452,5472,1,2022-10-27,2,2,1,0
453,2903,1,2025-01-18,10,3,1,0
454,2401,4,2025-12-12,11,1,1,0
455,94,1,2022-12-18,4,3,1,0
456,3399,3,2023-03-15,2,3,0,0
457,1744,1,2025-12-21,11,1,1,0
458,4011,1,2025-06-02,2,1,1,0
459,4149,3,2022-10-19,11,3,0,0
460,4466,2,2024-09-11,1,4,1,1
461,3969,2,2023-06-28,9,1,0,0
462,2658,3,2022-06-13,10,4,0,0
463,1469,2,2022-01-29,3,3,0,0
464,2678,4,2024-09-08,1,1,1,0
465,3362,1,2025-07-31,10,3,1,1
466,5949,1,2023-01-23,6,1,0,0
467,2406,2,2023-04-24,8,2,1,0
468,2109,2,2023-01-19,7,1,0,0
469,1276,2,2025-09-28,7,3,0,0
470,4856,3,2024-12-26,2,1,0,1
471,4872,4,2025-05-01,11,1,1,0
472,4662,4,2025-06-21,4,3,1,1
473,5301,2,2025-06-07,6,1,0,0
474,1070,3,2024-04-22,2,2,1,0
475,1142,2,2024-02-07,5,4,1,1
476,1567,3,2025-05-02,5,4,0,0
477,6298,3,2025-03-09,3,2,1,0
478,2527,1,2023-10-18,2,2,1,0
479,916,2,2023-11-20,11,4,1,0
480,4374,1,2024-12-03,7,2,1,1
481,5433,1,2024-10-21,8,1,1,0
482,4537,4,2024-04-21,4,4,0,0
483,6760,3,2025-04-22,4,4,0,1
484,5274,3,2024-02-04,11,4,1,0
485,3857,3,2024-03-30,9,2,1,1
486,2905,3,2023-11-04,4,1,1,0
487,5989,1,2025-03-18,10,4,1,1
488,6299,3,2023-09-05,3,2,0,0
489,5955,4,2024-08-07,11,4,0,1
490,1816,4,2025-10-16,1,2,1,0
491,5657,1,2022-12-30,3,3,1,0
492,2930,1,2025-01-21,5,1,1,0
493,1802,2,2024-02-24,2,4,0,0
494,2852,2,2024-01-07,5,1,0,0
495,3818,3,2025-05-22,9,4,0,0
496,3794,1,2024-10-04,10,1,1,1
497,1661,1,2024-11-13,11,3,1,0
498,5521,4,2024-03-14,6,1,1,1
499,6094,4,2025-03-23,3,3,1,0
500,6458,4,2025-06-04,5,4,0,0
501,1619,1,2022-12-22,1,1,0,0
502,594,2,2024-01-21,8,2,0,0
503,2071,1,2025-08-08,9,4,1,0
504,648,1,2024-07-10,5,3,1,1
505,1330,1,2024-04-28,9,3,1,1
506,1424,2,2023-03-26,8,3,1,0
507,6745,4,2025-04-29,8,4,1,0
508,5931,3,2024-10-09,2,4,1,0
509,881,3,2024-08-07,5,1,1,0
510,1235,3,2025-03-23,8,2,0,0
511,1618,2,2024-11-02,3,3,1,1
512,2144,2,2025-02-27,1,3,1,1
513,5678,3,2022-08-14,11,1,1,1
514,1457,3,2022-03-18,4,1,0,0
515,5480,2,2023-11-13,4,2,0,0
516,2831,3,2022-01-09,10,3,1,0
517,1073,1,2023-11-08,4,4,0,0
518,3733,4,2025-06-21,4,4,1,1
519,6880,2,2023-10-01,9,4,0,1
520,1079,4,2022-04-27,11,3,1,0
521,4947,3,2025-01-28,1,4,0,0
522,6096,3,2025-06-06,9,3,1,0
523,6988,2,2024-04-11,7,4,0,0
524,4619,2,2025-08-08,5,3,1,0
525,5503,1,2023-10-10,2,3,0,0
526,5496,2,2023-12-02,10,4,0,0
527,5194,4,2025-01-13,10,4,1,1
528,4915,2,2022-04-29,10,2,0,1
529,5797,1,2022-12-26,4,3,1,0
530,1969,4,2022-01-06,11,1,0,0
531,88,3,2023-01-07,4,3,1,0
532,5875,2,2022-04-27,4,4,1,0
533,4452,3,2025-03-07,11,3,1,0
534,1089,1,2025-10-04,2,3,1,1
535,6126,2,2023-02-26,8,3,1,0
536,5393,1,2025-07-06,4,3,1,0
537,2239,3,2025-02-12,9,2,0,0
538,654,4,2025-03-04,2,1,1,0
539,3110,1,2024-04-25,7,2,1,0
540,1398,2,2024-04-12,5,1,0,0
541,4761,2,2022-11-02,5,1,1,0
542,2428,3,2023-05-23,7,1,0,0
543,2085,3,2022-07-27,4,4,1,1
544,739,3,2025-02-04,3,3,1,0
545,3000,3,2024-08-14,9,2,1,0
546,5372,2,2025-04-22,3,1,1,0
547,3951,2,2022-10-29,5,4,0,0
548,3207,2,2022-03-31,2,1,0,0
549,4107,1,2022-01-30,7,4,0,0
550,4430,4,2024-11-01,11,4,0,0
551,2467,4,2024-12-29,7,3,1,0
552,6382,4,2023-07-08,5,3,1,0
553,881,1,2024-08-29,8,2,1,0
554,5540,3,2022-08-01,9,1,0,1
555,2356,3,2024-07-16,4,1,1,0
556,4677,3,2024-03-12,11,1,0,1
557,4266,2,2024-07-20,2,4,1,0
558,5703,1,2023-04-09,2,2,0,0
559,3221,4,2023-04-11,11,3,1,1
560,5621,3,2023-01-28,4,3,1,0
561,6738,4,2022-12-06,6,2,1,0
562,1537,3,2025-03-11,6,3,0,0
563,6596,4,2024-12-15,2,1,0,0
564,3979,2,2024-10-23,1,4,1,1
565,4618,1,2024-01-01,2,1,1,0
566,5037,3,2025-05-17,8,2,1,1
567,440,3,2022-06-11,5,3,1,0
568,2047,3,2023-10-31,3,2,0,0
569,2195,3,2022-06-17,9,2,0,0
570,886,1,2024-03-13,7,3,0,0
571,298,1,2023-03-24,8,2,1,0
572,6514,3,2025-07-28,6,1,1,0
573,2857,4,2022-03-11,7,2,1,0
574,894,2,2024-05-10,3,4,1,1
575,660,3,2023-04-26,1,1,0,1
576,124,2,2023-07-11,1,1,1,0
577,3483,4,2024-07-30,1,2,1,1
578,3852,3,2025-08-07,11,1,1,1
579,248,3,2024-07-13,11,2,0,0
580,1486,2,2024-08-25,7,4,0,0
581,1406,3,2024-10-26,2,2,1,0
582,1130,4,2022-09-09,6,3,1,1
583,2930,1,2024-12-03,1,2,1,0
584,4774,2,2022-02-28,10,1,1,0
585,1474,1,2024-07-27,8,2,0,0
586,6714,2,2025-09-24,5,2,0,0
587,2528,1,2025-03-28,9,3,0,0
588,469,4,2023-12-29,3,3,0,0
589,6510,4,2022-10-03,2,1,0,0
590,6902,3,2023-08-28,8,4,0,0
591,2827,4,2023-01-22,11,4,0,0
592,5022,4,2023-10-15,5,1,0,0
593,6080,3,2025-05-16,1,1,0,1
594,1919,2,2025-07-16,11,1,1,0
595,339,4,2023-12-31,6,4,1,0
596,3698,4,2025-08-19,3,4,0,0
597,6238,1,2024-10-18,8,4,0,1
598,3834,4,2022-06-12,6,3,0,0
599,4451,3,2025-06-17,2,2,1,0
600,5188,4,2025-06-22,6,3,0,1
601,6293,1,2023-10-28,3,3,0,0
602,2053,4,2022-02-17,7,3,1,0
603,246,1,2024-08-18,1,2,0,0
604,5796,4,2023-08-23,1,4,1,0
605,6906,2,2024-04-22,10,2,1,0
606,987,3,2025-09-29,4,3,1,0
607,647,4,2022-02-10,7,2,1,1
608,444,2,2024-08-22,4,4,0,0
609,5304,2,2024-06-15,9,3,1,0
610,287,3,2023-11-19,8,3,0,0
611,4308,1,2022-02-28,5,1,1,0
612,3609,2,2024-10-24,1,4,0,0
613,5116,3,2022-01-12,3,3,0,0
614,6840,4,2025-09-19,8,3,1,1
615,6361,1,2025-12-05,7,4,1,0
616,849,1,2025-10-24,8,3,0,0
617,6126,1,2025-12-06,1,1,1,0
618,1509,2,2023-04-21,2,2,1,1
619,335,2,2022-11-14,10,1,1,1
620,887,3,2022-02-05,7,2,1,1
621,4042,1,2023-02-19,5,1,1,0
622,5794,1,2022-05-20,5,2,1,1
623,4268,3,2025-07-06,10,1,1,0
624,875,4,2022-08-01,9,3,1,0
625,2567,1,2023-12-11,1,2,0,0
626,3687,1,2022-05-02,5,4,0,1
627,1331,3,2022-01-03,7,4,1,1
628,2201,3,2025-05-30,5,1,0,1
629,4583,2,2023-08-15,10,1,1,1
630,1774,4,2025-04-09,11,1,0,0
631,2028,2,2024-10-15,7,2,1,1
632,3754,2,2025-06-20,1,3,1,0
633,4507,3,2024-01-22,5,4,0,0
634,1445,2,2025-08-23,6,1,1,0
635,6455,4,2025-12-09,6,2,1,1
636,6631,1,2024-05-11,4,2,1,1
637,4596,2,2023-05-15,5,4,1,0
638,568,2,2022-09-17,8,4,1,0
639,6236,2,2024-10-14,6,3,1,0
640,1698,4,2023-08-01,1,4,0,0
641,4765,4,2024-01-04,5,3,0,0
642,6637,4,2025-06-06,7,3,0,0
643,5808,3,2023-12-14,8,2,1,0
644,3144,1,2023-06-30,4,2,0,0
645,1101,3,2025-01-06,2,3,1,0
646,46,1,2025-08-19,4,1,1,0
647,2853,2,2022-01-03,6,3,0,0
648,2807,4,2025-08-24,6,4,1,1
649,1539,4,2024-10-19,6,3,1,0
650,5454,4,2022-03-18,1,3,1,1
651,2784,2,2023-12-04,11,3,0,0
652,761,1,2022-04-08,7,1,0,0
653,5335,3,2022-11-25,7,1,1,1
654,6221,3,2025-05-06,5,3,0,0
655,6129,2,2022-03-12,4,4,1,0
656,1513,1,2024-04-22,11,2,0,1
657,5351,4,2022-07-17,3,4,1,0
658,6194,1,2025-11-08,11,2,1,0
659,661,1,2024-11-06,11,4,1,0
660,6251,4,2022-04-29,11,1,0,0
661,698,1,2025-06-10,8,4,1,0
662,6642,2,2022-05-06,11,3,0,0
663,1031,3,2023-01-15,8,2,0,0
664,825,2,2022-06-07,3,4,0,1
665,2340,1,2024-10-18,11,4,1,1
666,979,4,2025-02-21,11,4,1,0
667,5462,3,2022-06-11,5,1,1,0
668,1304,2,2024-04-09,8,1,1,1
669,2584,1,2022-05-02,10,4,1,0
670,4408,4,2024-01-15,10,1,0,0
671,3797,2,2025-03-01,6,4,1,0
672,1725,1,2022-08-01,2,1,1,1
673,2539,4,2023-09-01,1,4,1,0
674,6221,2,2022-11-21,7,3,1,1
675,6268,4,2022-11-23,2,1,1,1
676,5062,2,2022-01-02,10,4,0,0
677,2332,2,2024-07-03,10,2,1,1
678,6989,1,2025-07-25,4,3,1,0
679,6626,3,2024-04-24,11,1,1,0
680,5344,3,2025-06-28,6,4,1,0
681,3830,4,2025-08-20,7,2,0,1
682,5198,4,2025-04-05,7,2,0,1
683,6752,4,2025-01-06,7,2,0,0
684,557,4,2023-01-25,4,3,0,0
685,6213,4,2025-04-30,11,3,1,0
686,1123,1,2024-01-18,10,2,1,0
687,2116,4,2023-10-17,10,3,1,1
688,2126,3,2024-04-05,6,4,0,1
689,3218,3,2023-04-02,3,1,0,1
690,75,2,2025-05-20,8,1,0,1
691,5971,2,2022-04-13,1,1,0,0
692,514,1,2024-05-10,8,3,1,0
693,5090,1,2025-09-04,5,4,0,0
694,6019,4,2024-01-14,8,4,0,0
695,5207,2,2022-04-09,4,3,1,1
696,5882,1,2024-07-19,2,3,0,0
697,4862,1,2022-05-26,4,4,0,1
698,5697,3,2023-09-25,11,4,1,1
699,5162,1,2025-06-10,8,2,1,1
700,4230,1,2022-09-02,10,1,1,0
701,6971,2,2022-01-12,1,2,1,0
702,6737,4,2022-01-19,11,4,1,0
703,3091,4,2023-01-10,5,2,0,1
704,5996,1,2025-01-25,11,1,0,1
705,2740,2,2022-02-04,6,3,1,0
706,2877,4,2022-12-02,4,2,1,0
707,2032,4,2025-10-31,4,2,1,1
708,3192,1,2024-12-08,4,3,1,0
709,3407,4,2025-05-17,3,3,0,1
710,3991,4,2025-07-11,10,1,0,0
711,531,3,2023-01-06,5,4,0,1
712,4166,2,2022-07-11,6,2,0,0
713,434,1,2025-10-23,3,1,1,0
714,5309,1,2022-04-07,11,2,0,0
715,1630,3,2022-02-16,11,1,0,1
716,3734,1,2022-07-21,3,1,1,0
717,3708,3,2022-07-23,9,3,1,0
718,6277,2,2024-04-22,2,4,0,0
719,3294,4,2022-06-19,6,2,1,1
720,67,4,2023-01-19,8,4,1,0
721,6076,2,2023-11-27,8,1,0,0
722,2855,1,2024-11-07,1,3,1,0
723,2279,2,2022-10-05,1,4,0,0
724,668,4,2022-06-27,8,3,1,0
725,3969,3,2024-09-15,1,3,0,0
726,150,3,2025-02-22,3,2,1,1
727,1133,1,2025-11-01,9,1,1,0
728,5549,4,2025-07-23,3,2,1,0
729,4915,3,2023-12-13,2,2,1,0
730,4711,3,2024-07-13,1,4,1,0
731,5201,3,2025-04-08,1,3,0,0
732,5738,1,2024-05-13,10,2,1,1
733,5939,4,2022-01-01,3,2,0,0
734,540,2,2023-09-10,6,1,1,1
735,5882,3,2022-02-15,7,4,1,0
736,6130,2,2023-07-06,6,4,0,0
737,1822,2,2025-11-18,6,3,0,1
738,475,1,2022-07-03,9,3,1,0
739,2302,1,2022-04-27,4,4,0,0
740,3625,2,2022-07-12,5,4,0,0
741,2541,1,2025-08-19,1,1,1,1
742,2713,2,2022-09-14,4,2,0,0
743,2619,3,2022-09-03,10,1,0,1
744,2850,4,2025-07-11,6,1,1,0
745,3239,2,2025-03-30,7,4,0,0
746,5345,4,2025-04-16,11,4,1,0
747,6574,2,2023-01-08,2,2,1,0
748,6950,3,2022-03-15,10,3,1,0
749,5599,1,2025-02-03,6,4,0,0
750,2157,2,2024-01-12,3,1,1,1
751,3489,1,2022-04-06,7,2,0,0
752,5493,3,2022-08-09,9,3,0,1
753,2804,4,2024-04-17,11,1,0,1
754,4374,2,2023-02-07,4,1,1,0
755,3483,2,2023-02-06,8,3,0,0
756,5311,4,2025-08-23,10,1,1,0
757,2715,2,2024-04-09,6,1,0,0
758,5141,2,2023-04-01,3,2,1,1
759,5795,4,2022-01-05,3,1,0,0
760,250,1,2025-02-20,3,1,1,0
761,559,1,2022-09-06,4,2,1,1
762,1586,4,2022-11-30,2,2,0,0
763,3447,3,2022-11-24,5,3,0,0
764,5770,4,2025-03-21,8,3,0,0
765,3695,4,2025-08-16,7,3,1,0
766,2332,1,2022-05-27,9,2,0,1
767,4840,2,2023-12-30,3,1,1,0
768,6825,3,2025-05-12,4,1,0,0
769,5089,2,2024-03-27,8,1,1,1
770,1725,2,2024-05-30,10,1,1,0
771,1587,3,2023-04-04,11,2,1,0
772,6664,4,2023-08-15,3,4,1,0
773,4837,4,2023-06-01,1,3,1,0
774,1906,2,2023-07-02,2,4,0,1
775,2793,2,2022-10-15,10,3,1,0
776,6589,3,2025-07-15,10,3,1,0
777,417,1,2024-01-09,8,2,1,1
778,2579,3,2022-06-11,7,3,1,0
779,3614,3,2023-09-01,4,2,0,0
780,6606,3,2025-07-19,8,4,1,0
781,5262,1,2023-12-13,3,1,1,0
782,804,4,2024-07-19,1,4,0,0
783,2951,3,2023-06-25,4,4,1,0
784,4212,1,2022-02-04,6,2,0,1
785,3179,2,2025-10-11,6,2,1,0
786,1570,3,2022-09-13,4,3,1,0
787,3250,2,2022-10-23,8,1,1,0
788,6176,2,2024-12-29,9,4,1,0
789,298,1,2025-08-24,2,4,0,1
790,3233,2,2025-12-13,3,2,1,0
791,6007,2,2023-03-03,8,2,1,0
792,782,3,2025-12-07,1,2,1,0
793,3033,2,2023-05-06,1,4,0,0
794,4508,3,2024-02-02,7,2,1,0
795,4722,2,2024-01-15,10,3,0,0
796,423,4,2023-07-12,7,3,0,1
797,1118,4,2025-10-03,7,3,1,0
798,4639,1,2022-06-22,5,1,1,0
799,6296,2,2024-05-18,7,3,1,1
800,4851,1,2025-09-08,9,2,1,0
801,3972,3,2025-09-29,6,2,1,0
802,2886,3,2023-11-15,6,4,0,0
803,536,2,2023-10-29,3,1,0,0
804,2266,2,2025-10-12,7,1,1,0
805,1378,4,2022-08-07,6,2,0,0
806,3649,3,2022-06-11,5,4,1,0
807,1124,3,2025-10-10,3,3,0,0
808,421,3,2025-07-18,3,3,0,0
809,6573,1,2025-03-09,6,4,1,0
810,2363,2,2022-09-23,6,4,1,0
811,315,3,2024-06-29,5,2,0,0
812,6234,3,2025-06-25,3,1,0,0
813,5515,2,2024-05-15,2,4,1,1
814,2487,2,2024-07-07,4,2,1,0
815,5371,1,2023-01-28,4,1,1,1
816,1601,4,2023-02-23,10,3,0,1
817,5356,3,2024-03-17,2,4,1,1
818,3149,4,2025-11-25,9,3,0,0
819,2618,2,2022-09-26,11,2,0,0
820,100,4,2022-11-03,11,3,0,0
821,891,1,2024-05-08,3,2,0,1
822,812,4,2025-01-18,1,2,1,0
823,5094,3,2024-07-28,5,1,1,0
824,3533,1,2024-11-08,10,2,1,0
825,1422,2,2023-06-13,3,2,1,1
826,4044,1,2022-05-09,6,3,0,0
827,245,3,2025-08-24,1,1,0,0
828,3453,2,2023-01-29,10,1,0,0
829,2100,4,2025-08-29,4,1,1,1
830,6306,3,2023-10-29,1,3,1,0
831,3263,1,2025-04-12,1,1,1,1
832,2170,1,2025-04-09,10,3,1,1
833,3483,1,2024-01-10,8,1,0,1
834,1014,2,2024-09-07,10,2,0,0
835,5900,1,2023-04-19,11,4,1,0
836,4390,2,2023-07-10,4,1,1,0
837,246,1,2024-01-29,10,3,0,0
838,4068,1,2022-04-23,3,4,0,0
839,1208,2,2024-07-01,6,3,1,0
840,3521,2,2025-04-15,11,2,0,0
841,2394,2,2022-06-08,10,2,1,0
842,3240,3,2025-02-15,9,3,1,0
843,1640,4,2024-05-20,6,4,1,1
844,3477,1,2024-07-03,1,4,1,0
845,2649,3,2025-06-23,8,1,1,0
846,3596,4,2022-06-21,1,2,0,0
847,6745,1,2024-06-07,3,4,1,0
848,2084,1,2024-03-03,9,2,0,0
849,1040,1,2022-08-13,4,4,1,0
850,6350,4,2025-08-16,8,4,1,0
851,5614,1,2022-08-30,9,1,1,0
852,2722,3,2024-07-07,8,3,1,0
853,2760,1,2023-06-01,6,2,1,0
854,987,3,2023-03-17,9,2,1,0
855,2471,2,2025-08-05,11,3,0,1
856,960,4,2023-08-20,6,1,0,1
857,2253,3,2024-09-28,5,1,1,0
858,4253,1,2023-04-17,8,2,0,0
859,5535,3,2022-06-26,4,3,1,1
860,4927,3,2024-12-13,3,1,1,1
861,299,2,2022-01-11,4,3,1,0
862,19,4,2024-10-02,9,4,1,0
863,1523,2,2024-05-29,4,2,1,0
864,2186,4,2025-04-05,7,1,1,0
865,700,2,2024-02-27,1,4,1,0
866,4139,4,2024-01-10,6,3,1,0
867,6448,1,2023-02-20,8,3,1,1
868,6440,3,2024-04-01,7,2,1,1
869,625,3,2025-08-02,5,4,0,0
870,2417,2,2023-04-23,4,1,1,0
871,4075,1,2024-08-01,2,2,0,1
872,1153,1,2024-01-25,1,4,0,0
873,1299,1,2023-04-22,1,2,1,1
874,376,2,2022-07-15,5,4,0,0
875,5208,4,2023-12-28,9,1,1,1
876,3993,1,2022-10-12,7,3,1,0
877,5060,1,2025-09-30,2,3,1,0
878,6360,4,2022-05-15,6,3,1,0
879,1383,4,2023-09-24,10,1,0,1
880,852,1,2024-12-31,7,4,1,0
881,5601,2,2025-03-11,8,2,0,0
882,1308,2,2022-09-08,11,3,1,0
883,3179,3,2025-11-22,9,3,1,1
884,5933,3,2022-05-16,3,1,0,0
885,483,3,2023-04-12,2,1,1,0
886,1048,2,2023-10-02,7,4,0,0
887,5164,3,2024-08-09,8,4,0,0
888,6530,1,2023-11-20,9,4,0,0
889,919,2,2022-02-01,10,2,0,0
890,2529,2,2024-02-02,5,4,1,0
891,4084,3,2023-07-03,9,4,0,1
892,6222,1,2025-12-17,1,2,1,0
893,2366,1,2022-11-22,9,3,1,0
894,2191,2,2024-02-11,10,3,1,1
895,4612,2,2024-11-07,5,1,1,0
896,5332,3,2024-04-11,2,2,1,1
897,2048,1,2024-05-31,6,4,1,0
898,6014,2,2025-04-20,1,3,0,0
899,5919,4,2023-12-19,7,1,1,0
900,5947,1,2024-06-11,7,2,0,0
901,1735,4,2025-07-03,10,2,1,1
902,1537,2,2022-08-02,8,2,1,1
903,2373,3,2022-05-24,1,4,1,1
904,1550,2,2023-05-21,2,4,0,0
905,1246,2,2025-03-15,11,4,0,0
906,2534,4,2024-07-31,1,1,1,0
907,1815,2,2022-06-09,8,2,1,0
908,3527,3,2025-10-03,8,1,1,0
909,1132,4,2022-04-04,3,1,1,0
910,6631,4,2025-11-15,10,1,1,1
911,4466,3,2025-03-21,2,4,1,0
912,6774,4,2025-02-23,9,2,0,0
913,2960,3,2024-05-08,5,3,1,1
914,4489,4,2023-12-27,9,4,1,0
915,4215,2,2022-07-26,2,4,1,0
916,1774,2,2025-05-23,6,3,1,0
917,4450,1,2025-02-07,11,1,0,0
918,766,4,2023-05-22,1,1,1,1
919,6047,3,2025-08-11,7,4,1,0
920,3005,3,2024-08-05,4,4,1,1
921,1581,4,2024-11-03,7,4,0,0
922,1662,2,2025-09-22,9,3,1,0
923,1671,3,2022-08-21,1,4,0,0
924,1088,1,2022-10-26,1,4,1,0
925,6402,3,2025-08-19,11,2,1,1
926,3948,3,2024-01-08,7,3,1,0
927,5437,3,2025-07-06,10,3,1,0
928,3490,1,2024-11-02,11,2,1,0
929,6161,1,2023-10-23,2,1,0,0
930,4378,3,2025-08-25,8,3,1,0
931,2601,1,2024-04-27,4,4,0,1
932,2490,2,2024-10-07,7,4,0,0
933,6510,3,2024-07-01,10,1,1,0
934,6499,1,2023-01-15,2,2,1,1
935,3382,1,2024-03-16,8,2,1,0
936,1437,1,2022-08-04,6,2,1,1
937,816,2,2024-10-16,1,4,0,0
938,5094,1,2022-03-29,9,2,0,0
939,232,4,2024-05-10,11,2,0,0
940,1485,4,2024-10-23,2,4,0,0
941,3656,2,2023-03-12,4,1,1,0
942,1479,2,2023-08-29,9,4,0,0
943,4485,1,2023-01-02,8,2,1,0
944,1332,2,2022-01-25,8,1,1,0
945,1281,1,2022-09-07,4,2,1,1
946,2422,1,2022-10-25,1,4,1,0
947,3624,1,2024-09-20,10,4,1,0
948,2240,4,2025-11-28,4,1,0,0
949,3595,4,2022-08-08,3,2,1,0
950,1406,3,2022-10-10,11,2,0,0
951,1888,2,2024-10-14,3,1,0,0
952,2183,4,2024-04-07,1,3,0,0
953,179,2,2022-06-15,9,4,0,0
954,6366,1,2022-12-06,3,4,1,0
955,551,2,2022-07-27,4,2,0,0
956,6128,1,2024-02-13,1,4,1,1
957,4652,2,2022-10-21,3,1,1,0
958,4075,4,2024-05-10,1,4,1,0
959,5433,2,2022-02-17,4,1,1,0
960,4905,1,2024-03-19,10,4,1,0
961,3367,4,2023-11-06,7,3,0,0
962,5780,1,2022-12-04,10,2,1,0
963,5654,1,2022-07-27,11,3,0,0
964,4253,4,2024-04-04,8,1,1,0
965,5934,2,2023-04-06,8,2,1,0
966,5572,3,2022-01-03,1,4,1,1
967,6147,3,2024-01-01,11,4,0,0
968,201,2,2022-10-17,6,3,1,0
969,3896,2,2022-10-23,8,2,0,0
970,1347,4,2022-10-27,10,4,1,1
971,4441,1,2025-06-26,10,1,1,0
972,2464,4,2023-08-02,8,3,1,0
973,2145,4,2024-01-27,9,4,1,0
974,6098,1,2025-06-21,8,1,0,1
975,621,1,2025-06-02,5,1,1,0
976,6884,2,2023-10-06,1,3,1,1
977,1778,1,2024-06-18,9,3,1,0
978,3881,1,2022-12-14,10,3,1,0
979,6685,2,2025-08-23,10,1,0,0
980,5479,4,2024-03-30,10,2,1,0
981,4975,3,2022-06-09,10,2,1,0
982,1133,1,2022-04-15,5,2,1,0
983,6667,4,2023-05-16,7,2,0,0
984,955,4,2023-12-06,7,2,1,0
985,6239,3,2024-02-27,11,2,1,0
986,132,1,2024-12-30,4,4,0,0
987,605,4,2025-09-09,8,4,1,0
988,4662,4,2025-01-24,11,3,1,0
989,1401,1,2022-11-17,10,2,1,1
990,3267,1,2025-06-09,9,4,1,0
991,4354,4,2024-02-02,4,1,1,0
992,4076,2,2022-12-15,2,1,1,0
993,3940,2,2023-02-18,10,2,0,1
994,2894,4,2022-11-03,4,1,1,1
995,6448,1,2023-02-12,2,4,0,0
996,2549,1,2025-05-18,1,1,1,0
997,6724,2,2023-06-26,1,2,0,0
998,3884,2,2023-12-01,11,3,1,0
999,6334,3,2024-02-20,4,3,1,0
1000,5760,2,2024-04-30,9,4,1,0
1001,1886,1,2022-04-16,9,4,1,0
1002,339,2,2023-08-26,7,4,1,1
1003,2067,4,2022-11-24,5,4,0,0
1004,5804,3,2023-07-03,6,2,1,0
1005,6559,3,2025-09-04,1,3,0,0
1006,6206,1,2024-04-28,3,3,1,0
1007,911,4,2024-10-15,1,2,0,0
1008,3997,2,2022-09-23,10,1,1,1
1009,6211,3,2023-07-23,5,3,0,1
1010,4819,3,2022-11-16,4,2,1,0
1011,854,4,2022-07-25,3,1,0,0
1012,4271,3,2025-06-10,6,4,0,0
1013,5501,4,2024-07-25,6,3,1,1
1014,4087,1,2025-11-03,9,2,0,0
1015,4615,3,2024-03-30,4,3,0,0
1016,897,2,2022-02-15,9,3,1,0
1017,233,4,2025-09-04,4,2,1,0
1018,2759,1,2025-12-08,8,4,0,0
1019,4630,2,2023-05-08,8,1,0,0
1020,6885,4,2025-09-12,2,2,1,0
1021,825,2,2024-10-09,10,1,1,0
1022,125,3,2024-04-10,8,2,0,0
1023,3657,1,2025-07-26,2,2,0,0
1024,698,4,2024-04-19,11,3,0,1
1025,1062,4,2024-05-02,8,1,1,0
1026,248,1,2024-04-09,6,1,1,0
1027,4096,2,2025-08-31,3,1,0,0
1028,2007,1,2025-03-30,11,3,1,1
1029,1920,1,2024-11-27,7,2,1,1
1030,1612,1,2025-06-05,6,3,0,0
1031,141,1,2025-01-16,3,2,1,0
1032,4193,3,2022-11-12,5,2,1,0
1033,5775,4,2024-07-04,4,2,0,1
1034,3664,2,2022-12-17,6,2,1,1
1035,3328,2,2025-12-27,1,4,1,0
1036,1378,1,2025-10-22,1,2,1,1
1037,4041,1,2023-09-23,8,3,1,0
1038,6122,2,2024-02-01,8,1,0,0
1039,6619,2,2023-10-28,9,2,1,1
1040,2864,3,2024-06-27,8,3,1,0
1041,1551,1,2022-07-05,2,3,1,1
1042,5987,2,2025-01-25,11,3,0,1
1043,2018,4,2025-07-07,5,3,1,0
1044,808,3,2022-07-13,8,3,0,0
1045,2846,3,2022-12-09,9,2,1,0
1046,3440,1,2025-02-05,6,1,1,0
1047,4631,3,2024-05-28,4,2,1,1
1048,2313,3,2025-11-25,9,2,1,0
1049,672,4,2023-09-17,4,1,0,1
1050,305,3,2025-09-19,6,4,0,1
1051,2477,4,2025-07-14,5,2,1,1
1052,4880,3,2024-05-27,1,1,0,1
1053,1312,3,2022-01-31,4,2,0,0
1054,2841,1,2025-03-02,10,1,1,0
1055,3934,1,2022-02-27,3,4,1,1
1056,5413,1,2025-12-16,8,3,1,0
1057,4133,1,2025-07-05,7,1,0,1
1058,4397,2,2022-06-28,10,2,0,0
1059,136,1,2023-08-26,1,2,1,0
1060,6632,1,2025-08-04,11,4,1,0
1061,3313,1,2024-07-03,8,4,1,1
1062,4271,3,2022-09-21,7,1,1,0
1063,2852,3,2025-08-27,2,3,0,0
1064,6774,3,2022-01-08,10,2,0,0
1065,3033,1,2022-05-01,4,3,0,0
1066,6482,4,2024-08-07,2,4,0,0
1067,2407,2,2023-12-31,9,4,1,0
1068,3978,4,2025-12-25,8,1,0,1
1069,2305,4,2022-05-05,1,4,0,1
1070,3066,4,2024-05-22,1,1,1,0
1071,1242,4,2022-03-19,8,1,1,0
1072,6347,2,2022-10-02,5,3,0,0
1073,6799,4,2024-05-22,1,3,0,0
1074,6399,1,2022-12-08,11,1,1,0
1075,3168,4,2022-10-07,4,1,1,0
1076,5468,2,2023-03-15,2,1,1,0
1077,3671,2,2022-11-09,9,4,1,0
1078,131,4,2024-03-19,10,3,1,0
1079,627,1,2024-11-28,6,4,1,0
1080,288,4,2022-09-03,11,3,0,1
1081,5887,3,2023-01-03,9,4,1,1
1082,2708,2,2025-08-06,1,3,1,0
1083,2104,4,2022-06-26,1,1,0,0
1084,2048,3,2022-02-09,11,3,0,0
1085,2382,1,2024-12-27,4,4,1,0
1086,1635,3,2023-03-26,2,2,0,0
1087,5992,2,2024-05-04,1,3,0,0
1088,6954,3,2022-11-11,6,4,1,0
1089,6985,3,2024-08-30,8,3,1,0
1090,1596,3,2024-07-24,1,4,1,0
1091,3256,1,2022-07-11,11,2,0,1
1092,687,1,2022-05-12,11,3,1,1
1093,2712,1,2022-05-06,10,1,1,1
1094,4905,1,2023-08-26,10,4,0,0
1095,4100,4,2025-12-03,6,4,0,0
1096,1612,3,2025-12-20,1,2,0,0
1097,2483,2,2025-04-11,8,1,0,0
1098,5080,3,2022-11-20,6,2,1,1
1099,5633,4,2023-08-04,1,3,0,0
1100,4878,3,2022-08-04,9,2,0,0
1101,4063,3,2022-05-24,1,4,1,0
1102,5514,2,2025-03-19,9,3,1,1
1103,5284,2,2023-01-21,3,3,0,0
1104,5930,2,2022-04-28,8,1,1,1
1105,995,3,2024-12-28,8,4,0,0
1106,1402,4,2023-06-07,7,2,0,1
1107,6192,1,2022-05-07,2,2,0,0
1108,1554,1,2024-09-24,3,3,0,0
1109,6745,3,2024-04-19,5,1,0,0
1110,5452,1,2022-06-11,5,1,1,0
1111,2876,1,2024-09-10,2,4,0,0
1112,3228,3,2024-03-22,1,4,0,0
1113,6837,3,2022-05-11,5,4,1,1
1114,3571,4,2023-01-19,5,3,1,1
1115,5129,1,2025-10-15,3,4,0,0
1116,6296,3,2025-12-22,8,1,0,0
1117,660,1,2022-01-20,6,4,1,0
1118,5594,2,2023-03-17,2,1,0,0
1119,965,2,2023-05-28,2,4,1,1
1120,2075,4,2024-07-29,4,4,0,0
1121,988,3,2025-03-30,6,3,1,0
1122,613,1,2024-05-25,9,1,1,0
1123,2131,2,2022-10-08,8,3,1,0
1124,5974,3,2022-10-30,8,1,0,0
1125,3215,2,2024-03-12,2,4,1,0
1126,1277,2,2023-02-04,11,3,1,0
1127,2145,3,2025-05-03,4,4,0,0
1128,4967,2,2023-10-14,6,4,1,1
1129,3507,3,2022-07-10,6,2,1,0
1130,5573,4,2022-05-12,10,1,0,1
1131,229,3,2025-06-16,6,1,1,0
1132,1019,2,2025-06-17,8,1,1,0
1133,1221,2,2023-04-02,8,1,1,0
1134,5291,1,2024-02-21,7,1,0,0
1135,2880,4,2023-08-27,5,3,0,0
1136,6023,2,2022-01-15,6,1,1,0
1137,6658,4,2025-11-18,6,3,1,0
1138,3358,1,2023-01-20,3,2,1,0
1139,6641,4,2025-03-01,11,2,1,0
1140,6603,3,2025-10-13,3,3,1,0
1141,5735,4,2024-03-20,7,2,0,0
1142,3105,2,2025-01-17,6,3,0,1
1143,4873,2,2023-04-22,5,1,1,1
1144,1547,3,2025-10-27,11,3,1,1
1145,5500,2,2024-06-07,6,2,1,0
1146,1612,1,2025-11-28,6,3,0,0
1147,3978,2,2025-04-26,4,2,1,1
1148,5108,1,2024-06-26,11,4,1,0
1149,4150,4,2022-07-27,5,3,1,0
1150,2379,4,2024-05-19,7,4,1,0
1151,6241,2,2024-10-22,11,2,0,0
1152,4601,2,2025-12-13,11,1,0,1
1153,4244,3,2022-04-05,1,3,0,0
1154,4613,4,2025-10-15,10,1,0,0
1155,2328,1,2023-09-18,6,1,0,1
1156,4512,3,2024-03-29,5,1,1,0
1157,6134,3,2022-11-01,6,2,0,0
1158,556,4,2024-12-25,1,2,1,1
1159,206,3,2023-09-01,4,4,1,0
1160,6035,1,2022-01-11,8,4,1,0
1161,1002,3,2023-06-05,4,4,0,0
1162,3864,1,2022-04-01,10,1,0,0
1163,118,1,2022-10-24,8,4,1,0
1164,2528,2,2022-10-24,11,3,0,0
1165,3852,4,2022-09-24,8,2,1,0
1166,3762,4,2022-05-13,2,4,1,0
1167,2901,4,2025-10-08,6,2,1,0
1168,5491,4,2022-01-19,7,1,1,0
1169,6372,1,2023-12-11,7,2,1,0
1170,5401,4,2023-11-05,1,3,1,0
1171,1459,4,2024-03-16,4,2,1,0
1172,5237,1,2023-10-24,7,2,1,0
1173,2702,2,2022-08-23,6,3,1,0
1174,5704,4,2023-06-11,3,3,0,0
1175,4637,3,2024-11-18,10,4,0,0
1176,1049,2,2022-07-07,10,2,0,0
1177,6231,2,2022-09-18,1,4,0,1
1178,5307,2,2023-03-25,5,4,1,0
1179,6756,4,2022-07-05,11,3,0,1
1180,3001,1,2025-08-30,8,2,0,1
1181,5516,4,2023-03-20,3,3,0,0
1182,2226,4,2023-04-29,5,1,1,0
1183,2188,2,2025-12-18,9,2,1,1
1184,1106,1,2025-06-17,8,1,1,1
1185,5988,4,2023-04-27,11,2,1,1
1186,4528,4,2024-07-01,9,4,1,0
1187,2994,4,2025-07-10,5,3,1,0
1188,531,4,2025-11-10,3,1,0,0
1189,4464,1,2022-09-24,11,2,1,0
1190,4863,1,2023-06-21,9,4,1,0
1191,2101,1,2022-08-01,4,3,1,0
1192,4643,3,2022-02-21,1,3,1,0
1193,3441,1,2023-09-14,11,1,1,1
1194,4763,1,2023-03-03,2,4,1,0
1195,3651,2,2024-10-16,8,2,1,0
1196,1997,4,2024-01-03,2,1,1,0
1197,742,4,2023-12-26,6,2,0,0
1198,1075,2,2022-02-11,5,4,0,0
1199,2963,1,2023-01-19,9,3,1,0
1200,6187,4,2023-09-05,8,3,1,1
1201,5667,3,2024-03-21,1,3,0,0
1202,6671,3,2022-02-20,3,2,1,0
1203,2704,2,2025-03-11,5,2,1,0
1204,867,3,2025-12-13,8,3,1,1
1205,5189,2,2023-05-30,7,2,1,0
1206,3783,3,2023-06-07,2,2,0,0
1207,2133,3,2023-03-28,7,3,1,1
1208,1193,3,2023-10-04,5,3,1,0
1209,4022,2,2022-04-24,6,2,1,0
1210,5825,4,2022-10-06,8,2,1,1
1211,2078,2,2024-02-25,5,4,0,0
1212,1171,1,2025-03-02,9,1,0,1
1213,4184,1,2024-01-24,1,2,0,1
1214,4924,3,2024-10-18,5,4,0,0
1215,591,3,2024-07-11,1,4,1,0
1216,3492,4,2024-05-25,1,1,1,0
1217,2225,4,2025-08-14,1,4,0,0
1218,4878,4,2023-12-10,5,4,1,0
1219,5334,3,2023-12-15,9,2,0,0
1220,5896,2,2023-12-26,2,1,1,1
1221,6832,3,2025-08-16,6,1,0,1
1222,6134,1,2025-07-24,5,4,1,0
1223,2640,3,2023-07-12,7,4,1,0
1224,4846,4,2022-02-26,7,3,0,0
1225,1617,1,2022-11-14,3,2,1,0
1226,3269,3,2025-09-20,6,4,1,0
1227,4905,4,2022-06-29,3,3,1,1
1228,4899,3,2022-06-03,2,3,0,0
1229,2496,3,2023-09-27,5,2,0,0
1230,1205,4,2025-03-03,4,3,1,0
1231,6198,1,2022-08-07,4,4,1,0
1232,165,1,2024-08-30,4,3,1,0
1233,2484,2,2022-02-16,8,3,0,1
1234,3602,1,2025-11-04,1,4,1,0
1235,3861,3,2024-02-03,3,3,0,0
1236,3328,4,2025-08-16,9,1,1,0
1237,1857,1,2024-06-29,3,2,1,0
1238,2001,3,2024-05-08,1,4,1,0
1239,5256,3,2024-10-13,5,2,1,0
1240,4573,1,2023-11-28,4,4,0,0
1241,6868,4,2025-04-19,10,3,0,0
1242,6897,4,2024-05-08,8,2,0,1
1243,5234,2,2025-04-13,11,4,1,0
1244,4453,4,2024-02-09,11,1,1,1
1245,6567,4,2024-01-02,9,4,0,1
1246,2365,1,2024-03-29,10,3,0,0
1247,5829,1,2025-07-23,5,3,1,1
1248,1211,3,2025-03-10,1,3,0,1
1249,6847,1,2022-05-08,4,1,0,0
1250,3014,2,2024-10-25,3,2,0,1
1251,1799,3,2022-05-12,6,1,0,0
1252,547,4,2023-08-12,2,2,0,0
1253,4955,1,2022-10-14,5,4,1,0
1254,42,2,2024-05-06,8,1,1,1
1255,1749,3,2024-04-08,11,1,1,0
1256,5208,2,2024-09-11,5,4,1,1
1257,3227,2,2023-12-23,5,3,1,0
1258,6438,4,2025-05-16,8,3,0,0
1259,6914,3,2022-01-22,11,4,0,0
1260,1561,1,2023-03-13,5,3,0,1
1261,3778,4,2025-09-26,4,4,1,0
1262,5414,2,2023-02-19,10,1,0,0
1263,6203,3,2022-01-26,9,1,1,1
1264,5586,4,2025-05-07,2,2,1,1
1265,2567,1,2022-09-22,1,1,1,0
1266,4292,2,2022-07-01,4,2,0,0
1267,1768,3,2022-10-17,10,3,1,0
1268,1321,4,2025-03-19,3,4,1,1
1269,4531,4,2025-02-09,9,3,0,1
1270,3945,2,2024-03-11,3,4,0,1
1271,1756,4,2023-08-08,3,4,0,0
1272,3864,1,2024-03-27,10,1,1,0
1273,5412,1,2025-03-20,7,2,1,0
1274,4944,1,2025-08-27,2,2,0,1
1275,4577,3,2024-01-02,11,3,1,1
1276,5909,4,2024-03-30,8,1,1,0
1277,283,1,2025-01-27,6,2,1,0
1278,4693,1,2024-09-01,11,2,0,0
1279,6363,3,2025-07-01,9,2,1,1
1280,5088,4,2023-01-30,8,3,0,0
1281,6005,1,2022-12-16,4,1,0,0
1282,3811,1,2025-04-22,8,2,1,0
1283,6102,1,2022-08-01,4,1,0,0
1284,827,3,2025-10-19,11,2,1,1
1285,4004,4,2022-10-29,5,3,0,1
1286,5962,1,2023-01-31,11,1,1,0
1287,290,2,2023-03-22,10,2,1,0
1288,564,3,2022-01-06,11,3,1,1
1289,4598,2,2023-06-02,7,3,1,0
1290,6534,4,2023-01-31,6,3,0,1
1291,654,3,2022-10-12,5,2,0,0
1292,3131,3,2022-04-10,2,3,1,1
1293,1081,3,2022-09-14,5,4,1,0
1294,1656,4,2024-04-07,10,3,1,0
1295,3109,2,2024-02-06,7,4,1,1
1296,3770,1,2022-11-10,11,3,1,0
1297,467,4,2024-07-30,6,3,1,0
1298,4896,1,2024-12-04,6,3,1,0
1299,3860,1,2024-09-05,5,2,0,0
1300,6270,1,2025-06-19,9,1,1,0
1301,5845,3,2024-05-30,1,2,1,0
1302,3535,3,2022-12-17,4,2,0,0
1303,2028,2,2023-10-25,7,2,1,0
1304,3257,4,2024-11-22,1,1,0,1
1305,3693,1,2023-09-24,11,1,1,0
1306,3416,4,2025-01-21,4,3,0,0
1307,2901,4,2024-06-12,6,1,1,0
1308,1968,4,2022-02-02,10,2,1,0
1309,5967,3,2023-10-03,8,4,1,1
1310,6027,1,2024-04-22,7,3,1,0
1311,2661,1,2023-12-19,9,4,1,0
1312,6558,4,2022-04-29,7,4,1,0
1313,6460,2,2024-09-17,3,4,0,0
1314,6290,3,2023-05-10,10,1,1,1
1315,6108,4,2024-03-16,4,2,1,1
1316,2253,4,2024-06-27,3,3,1,0
1317,2027,1,2025-08-12,9,3,1,0
1318,4554,2,2025-12-14,11,3,0,0
1319,2735,4,2022-05-06,11,4,0,1
1320,1255,2,2025-05-26,8,2,1,0
1321,1292,1,2023-04-05,10,3,1,0
1322,946,1,2022-10-14,9,2,0,1
1323,1787,4,2022-11-30,10,1,1,0
1324,489,2,2022-05-07,10,3,1,0
1325,6768,4,2024-05-13,2,1,1,1
1326,4136,4,2025-09-09,5,3,1,0
1327,4826,4,2022-02-03,5,4,1,0
1328,748,4,2023-11-12,7,3,1,0
1329,6419,2,2025-06-29,4,3,1,1
1330,1623,4,2024-12-29,4,2,1,0
1331,6896,1,2023-09-21,8,4,1,1
1332,356,1,2023-05-24,1,4,0,1
1333,6299,2,2022-06-25,6,1,1,0
1334,2740,4,2024-09-15,9,3,1,0
1335,1616,4,2025-07-24,2,3,1,0
1336,3591,3,2022-08-12,5,2,1,0
1337,2811,4,2025-04-18,10,3,1,1
1338,3149,2,2024-01-27,10,2,0,1
1339,6199,2,2024-01-09,9,4,0,0
1340,716,3,2025-11-06,11,3,1,1
1341,3931,1,2023-03-01,4,1,0,1
1342,4767,2,2025-03-26,9,2,1,0
1343,5259,4,2025-01-24,8,4,1,0
1344,4497,4,2024-07-28,9,2,1,0
1345,4326,1,2022-04-06,2,3,0,1
1346,3394,3,2022-08-26,10,4,0,0
1347,4163,2,2023-07-19,5,4,1,0
1348,5218,4,2025-01-31,10,1,1,1
1349,6258,1,2023-10-12,9,4,0,0
1350,6560,1,2025-04-13,5,3,1,1
1351,6104,1,2022-07-22,4,2,1,0
1352,5133,4,2025-02-19,8,4,1,1
1353,1683,1,2024-10-13,6,3,0,0
1354,6069,1,2025-04-06,2,1,1,1
1355,3294,1,2024-09-09,8,2,0,0
1356,1447,2,2023-12-19,5,1,0,1
1357,1520,4,2025-10-06,7,1,1,1
1358,4311,2,2025-12-21,4,4,0,0
1359,5264,3,2024-08-19,9,2,1,1
1360,2538,1,2025-09-30,2,4,1,1
1361,4999,4,2023-04-17,10,1,0,0
1362,340,3,2022-01-27,9,3,1,0
1363,112,2,2022-11-21,4,2,1,1
1364,5098,3,2022-08-31,6,1,1,0
1365,4478,2,2023-06-13,5,4,1,1
1366,5198,4,2023-01-25,3,1,1,0
1367,3738,2,2024-01-07,7,4,0,1
1368,4182,3,2025-02-23,4,3,0,0
1369,4457,2,2024-05-14,1,3,1,0
1370,484,2,2023-06-05,8,4,1,1
1371,4570,3,2022-08-10,3,3,1,0
1372,881,3,2022-11-18,6,3,1,0
1373,3103,1,2025-08-01,2,4,0,1
1374,5444,3,2025-06-19,9,4,1,0
1375,168,2,2022-10-29,4,4,0,0
1376,3292,4,2024-10-23,7,1,1,0
1377,5392,4,2024-06-22,9,1,0,0
1378,1736,1,2024-03-10,11,1,0,1
1379,4463,2,2025-07-02,3,4,1,1
1380,1549,3,2023-11-27,3,2,0,0
1381,6094,2,2025-07-29,3,4,1,0
1382,4668,3,2023-12-13,5,1,1,1
1383,847,3,2022-10-02,10,2,0,0
1384,2953,3,2022-09-14,6,1,1,0
1385,888,1,2024-01-11,3,3,0,0
1386,1917,3,2023-08-22,10,1,0,0
1387,6508,2,2024-08-01,9,2,1,1
1388,1312,1,2025-10-24,1,3,1,1
1389,4054,1,2025-09-07,7,1,0,0
1390,3127,4,2024-07-28,11,4,1,0
1391,3315,1,2024-01-07,9,2,0,0
1392,2201,2,2025-12-01,5,4,1,0
1393,4265,4,2022-05-26,3,4,1,0
1394,1818,3,2025-02-26,10,1,0,0
1395,3181,4,2022-01-18,4,3,1,1
1396,5021,1,2022-05-28,8,2,0,1
1397,2944,3,2024-05-16,3,3,0,0
1398,5458,3,2023-06-25,5,2,0,0
1399,6180,2,2022-04-04,3,3,1,1
1400,6868,1,2022-06-23,6,2,0,0
1401,3937,2,2022-09-30,1,2,0,0
1402,5460,1,2024-05-21,7,1,1,0
1403,6203,1,2024-06-05,11,3,1,0
1404,5611,3,2025-04-11,6,1,1,0
1405,3746,3,2022-08-07,6,3,1,1
1406,3846,4,2022-09-12,3,4,1,0
1407,3743,1,2025-05-08,1,3,0,0
1408,1763,1,2022-03-03,11,1,0,0
1409,1184,3,2024-06-02,1,2,1,0
1410,2858,1,2025-06-23,7,3,1,0
1411,3897,1,2022-02-09,4,2,0,1
1412,2377,1,2025-05-25,6,3,1,0
1413,2606,2,2023-06-18,4,1,1,1
1414,5488,4,2024-04-03,8,4,0,1
1415,5083,4,2024-07-05,9,4,0,1
1416,344,1,2025-03-23,2,4,0,0
1417,6066,1,2025-07-25,1,2,1,0
1418,635,3,2022-05-15,1,1,1,0
1419,1238,4,2023-05-06,7,3,0,0
1420,3230,4,2025-07-26,2,1,1,0
1421,4260,3,2024-06-17,3,3,1,1
1422,4378,4,2022-05-16,4,4,0,1
1423,2178,2,2022-05-15,9,2,1,0
1424,5482,3,2022-01-18,10,4,1,1
1425,2924,1,2023-11-15,2,2,1,0
1426,6407,2,2023-03-19,10,1,1,0
1427,5275,4,2023-02-18,2,1,0,0
1428,5456,1,2025-12-06,1,2,0,0
1429,1329,4,2024-09-24,8,1,1,0
1430,2094,4,2025-06-13,8,4,1,0
1431,5368,1,2025-01-01,5,1,1,0
1432,6877,1,2022-02-05,3,2,0,0
1433,1237,2,2025-01-27,1,3,0,0
1434,1434,4,2023-05-27,2,1,1,0
1435,4088,3,2023-08-04,9,1,1,0
1436,2002,3,2024-05-08,8,4,1,0
1437,1857,3,2024-06-10,10,2,1,0
1438,1533,4,2024-07-09,11,4,0,0
1439,2050,4,2024-05-04,4,3,1,0
1440,6862,1,2023-11-05,3,3,0,0
1441,4838,2,2025-09-29,5,1,1,1
1442,1871,4,2024-07-27,8,1,0,0
1443,1728,3,2022-03-10,10,3,1,0
1444,5440,4,2025-04-18,6,1,0,0
1445,4964,2,2022-10-16,10,3,1,0
1446,2301,4,2023-08-22,11,4,1,1
1447,1496,2,2023-10-22,4,4,1,0
1448,2876,1,2025-07-14,8,4,0,0
1449,89,2,2024-08-25,4,4,0,0
1450,1929,3,2024-05-09,5,1,0,0
1451,1039,4,2023-06-30,2,1,1,1
1452,3237,4,2023-07-11,10,2,0,0
1453,5894,3,2022-06-02,4,3,1,0
1454,5547,2,2024-06-30,10,3,0,0
1455,1868,4,2024-03-09,10,1,1,0
1456,3996,4,2024-06-20,3,2,0,0
1457,6836,2,2022-01-08,8,4,1,0
1458,5068,2,2024-06-28,8,3,1,0
1459,4714,2,2022-02-27,7,4,0,0
1460,1443,4,2025-10-11,6,1,1,0
1461,3906,3,2022-08-09,9,1,1,1
1462,5530,3,2023-04-28,4,2,1,0
1463,5780,1,2023-01-23,4,4,1,0
1464,5081,2,2023-04-26,6,3,0,0
1465,3774,3,2025-01-01,1,3,1,0
1466,469,2,2022-08-05,2,1,1,1
1467,641,4,2022-07-15,2,1,0,0
1468,3932,3,2022-12-26,10,4,1,0
1469,437,4,2022-07-09,4,2,0,1
1470,4301,1,2023-06-24,5,4,0,0
1471,5150,3,2023-04-02,2,4,1,1
1472,956,3,2022-12-16,8,3,1,0
1473,4618,1,2023-06-04,5,3,0,0
1474,3693,2,2022-04-04,8,2,1,0
1475,1686,3,2024-08-17,9,3,0,1
1476,285,1,2025-12-08,11,2,1,0
1477,4933,4,2022-05-10,9,3,1,0
1478,5512,1,2022-09-01,4,2,1,0
1479,2485,4,2024-04-08,10,2,0,0
1480,1163,1,2025-08-21,2,1,1,0
1481,6810,3,2022-11-07,11,4,1,0
1482,4755,2,2023-05-26,2,4,1,0
1483,2963,3,2025-09-06,5,4,1,0
1484,1438,3,2024-01-27,10,3,1,0
1485,1572,4,2024-09-09,4,1,0,0
1486,4010,3,2024-02-04,6,2,1,0
1487,4873,1,2025-09-30,9,2,0,0
1488,4743,2,2025-08-23,7,2,0,0
1489,6674,3,2023-09-04,11,3,1,0
1490,6281,2,2025-08-19,4,4,0,0
1491,390,4,2025-01-02,7,1,0,1
1492,2246,3,2024-04-06,2,2,1,0
1493,557,2,2024-02-05,5,3,1,0
1494,6550,1,2023-11-16,11,2,1,1
1495,2001,2,2024-05-02,9,2,1,0
1496,2505,1,2023-12-31,11,2,0,0
1497,3526,1,2022-02-17,9,2,1,1
1498,1111,4,2022-05-31,4,1,1,0
1499,6143,2,2024-03-04,8,2,0,1
1500,5329,3,2025-08-02,5,2,1,0
1501,4320,3,2023-02-23,3,1,0,1
1502,1277,3,2023-05-27,6,1,0,0
1503,3267,3,2022-03-12,4,2,0,1
1504,1401,2,2025-07-28,3,1,1,0
1505,6288,4,2025-06-12,4,4,0,0
1506,4226,3,2025-04-05,1,1,1,1
1507,2036,3,2024-12-31,10,4,1,0
1508,5571,1,2023-07-12,8,1,0,1
1509,5811,2,2022-02-12,9,1,0,0
1510,5864,1,2024-05-10,6,2,0,1
1511,1457,1,2024-07-22,5,3,1,0
1512,4635,4,2025-03-26,9,3,1,1
1513,6567,3,2022-07-21,4,2,1,0
1514,1353,3,2024-12-21,1,3,0,0
1515,932,2,2025-07-22,11,4,1,0
1516,5642,1,2025-01-04,7,4,1,1
1517,1885,3,2022-01-08,1,1,1,1
1518,2948,4,2025-09-29,9,3,1,0
1519,4181,1,2022-01-09,4,2,1,0
1520,4965,4,2023-06-12,3,4,1,0
1521,6146,4,2022-05-21,4,3,1,0
1522,4303,4,2022-03-09,1,2,0,0
1523,412,3,2024-11-02,6,3,1,0
1524,6745,4,2025-09-07,7,1,1,0
1525,3994,4,2025-12-30,7,1,0,0
1526,121,3,2025-11-30,5,1,1,0
1527,1481,3,2023-11-06,10,4,0,0
1528,5662,3,2025-01-12,10,3,0,0
1529,9,2,2023-07-18,5,4,0,0
1530,4408,1,2022-06-11,6,4,0,1
1531,6968,1,2024-03-25,10,3,1,0
1532,3276,2,2023-04-21,8,3,1,0
1533,4925,2,2022-01-15,9,1,1,1
1534,500,2,2022-09-12,6,3,1,0
1535,6030,3,2024-06-22,3,4,1,1
1536,2698,4,2024-04-08,6,3,0,1
1537,4241,3,2022-04-13,4,4,1,0
1538,4497,4,2022-01-31,4,2,1,1
1539,2975,1,2022-05-14,11,1,1,0
1540,686,4,2024-07-13,11,3,1,0
1541,5681,2,2023-06-18,7,4,1,0
1542,755,1,2024-02-29,6,4,0,0
1543,4579,4,2025-11-11,8,2,0,0
1544,2148,2,2023-10-18,11,2,1,1
1545,5323,4,2022-11-07,8,2,1,0
1546,2653,4,2024-08-13,3,1,0,1
1547,6893,4,2022-01-23,11,4,1,1
1548,4882,1,2022-12-29,4,2,1,0
1549,6091,4,2025-03-28,2,4,1,0
1550,2315,2,2023-08-23,1,1,1,1
1551,4602,4,2023-09-01,7,2,1,0
1552,4057,2,2023-11-02,8,3,1,1
1553,2298,3,2023-11-10,8,4,1,0
1554,4535,1,2025-05-21,6,1,1,0
1555,3680,3,2023-01-03,7,1,0,0
1556,5858,3,2023-11-01,8,3,1,0
1557,387,1,2024-01-03,4,4,1,0
1558,1486,3,2024-07-12,8,2,0,1
1559,2544,2,2025-08-23,6,1,1,0
1560,4712,2,2022-10-19,7,1,1,0
1561,4752,2,2022-10-30,10,4,1,0
1562,6116,2,2022-01-28,7,1,0,0
1563,137,3,2025-09-10,8,1,1,0
1564,2628,1,2024-02-14,11,1,1,0
1565,4269,3,2025-11-26,5,3,0,0
1566,2050,1,2022-06-13,2,1,0,0
1567,5239,1,2024-02-10,8,1,0,1
1568,857,3,2025-03-27,1,3,0,1
1569,4594,3,2024-06-12,2,2,0,0
1570,1144,2,2022-11-15,5,1,1,0
1571,2838,1,2025-07-21,4,3,0,0
1572,149,1,2023-02-15,11,3,1,0
1573,6986,4,2023-01-11,2,2,1,0
1574,4951,1,2023-03-01,4,4,1,0
1575,2267,2,2025-12-07,7,1,0,0
1576,6327,1,2024-01-03,5,1,1,0
1577,2564,4,2023-02-17,4,2,0,0
1578,570,4,2022-05-04,2,3,0,0
1579,198,1,2023-05-31,2,4,1,0
1580,3446,2,2025-10-29,1,3,0,0
1581,5563,4,2023-03-29,10,3,1,0
1582,3098,4,2024-01-28,6,2,1,0
1583,2506,4,2023-06-23,6,2,1,1
1584,6257,3,2025-04-23,4,4,0,0
1585,2757,2,2022-02-06,9,3,0,0
1586,4007,2,2025-06-13,4,1,1,1
1587,5349,3,2025-02-10,3,1,1,0
1588,6504,1,2024-11-20,11,3,1,0
1589,5505,4,2025-09-05,10,1,1,0
1590,5561,4,2025-12-04,9,3,1,0
1591,712,3,2023-02-27,1,3,1,0
1592,5141,1,2022-07-09,2,4,0,0
1593,927,2,2022-02-08,1,1,1,0
1594,3770,1,2022-01-13,7,4,1,1
1595,4271,2,2023-01-06,1,1,0,0
1596,4375,4,2022-01-01,11,2,1,1
1597,208,1,2024-02-26,11,4,1,0
1598,5723,2,2025-11-03,1,1,0,0
1599,4871,1,2025-08-28,6,1,1,0
1600,5504,1,2025-03-16,6,1,0,1
1601,2353,1,2022-09-05,11,1,0,0
1602,2776,3,2023-05-13,5,3,1,1
1603,992,2,2024-06-01,4,4,1,0
1604,5885,2,2022-07-20,8,1,1,1
1605,3427,4,2024-06-06,3,3,0,0
1606,2079,2,2024-05-24,1,4,1,0
1607,125,4,2022-07-04,1,3,1,1
1608,4527,3,2024-02-22,5,2,1,1
1609,861,4,2025-10-17,3,4,1,1
1610,708,4,2025-02-05,3,3,1,0
1611,1315,3,2024-11-27,11,4,1,1
1612,4555,3,2024-10-01,2,1,1,0
1613,1058,3,2023-07-28,9,2,1,1
1614,6887,1,2023-11-02,11,2,0,1
1615,3599,2,2023-02-22,6,2,1,1
1616,4437,1,2025-07-15,7,3,0,0
1617,2887,4,2022-11-16,2,3,1,1
1618,1361,3,2024-12-05,11,3,1,0
1619,1170,3,2022-12-13,1,2,1,1
1620,1574,1,2024-05-13,8,4,0,0
1621,320,4,2022-06-26,10,4,1,0
1622,4470,2,2023-03-26,4,3,1,0
1623,371,4,2025-07-07,9,4,1,1
1624,1809,3,2025-05-14,9,3,0,0
1625,2464,4,2025-01-11,11,4,1,0
1626,5235,1,2023-04-27,4,4,1,0
1627,6228,4,2023-05-08,10,2,1,1
1628,1617,1,2025-08-31,3,4,0,0
1629,4014,4,2022-12-01,5,2,0,1
1630,4679,4,2023-10-03,6,1,1,0
1631,4979,1,2025-04-22,10,4,1,0
1632,5176,1,2024-05-11,4,4,1,1
1633,3901,2,2024-01-27,1,2,0,0
1634,871,2,2023-11-01,7,2,0,0
1635,300,4,2024-12-28,5,2,1,0
1636,2270,3,2023-10-08,2,1,1,1
1637,934,3,2025-07-14,11,1,0,1
1638,3688,2,2023-03-25,9,1,0,1
1639,4329,2,2022-07-10,8,2,0,0
1640,2226,4,2023-11-18,10,1,1,0
1641,74,1,2025-12-17,7,4,1,0
1642,1370,1,2022-09-22,9,4,0,0
1643,4149,1,2022-09-28,10,2,1,1
1644,1456,3,2023-03-11,2,3,0,0
1645,2513,3,2022-06-12,3,4,0,0
1646,2817,3,2023-11-27,9,1,1,0
1647,1895,3,2023-11-29,6,3,1,0
1648,4214,1,2024-04-06,2,4,1,0
1649,2266,4,2023-02-07,6,4,0,1
1650,1801,4,2023-06-03,5,4,0,1
1651,6764,3,2022-02-26,10,2,1,1
1652,2849,3,2024-05-17,5,3,1,0
1653,282,1,2024-05-24,5,1,1,0
1654,3370,1,2023-04-09,2,4,1,0
1655,714,4,2023-02-18,6,1,0,1
1656,6752,2,2023-08-25,7,2,1,1
1657,5437,4,2023-03-06,9,1,1,1
1658,938,4,2025-11-26,5,3,1,0
1659,816,4,2025-10-04,11,3,0,1
1660,1776,1,2023-10-27,11,1,1,0
1661,2228,3,2023-03-13,5,1,1,1
1662,1179,1,2025-10-14,9,2,0,0
1663,1963,3,2024-03-11,6,3,1,0
1664,5277,2,2024-09-30,7,4,1,0
1665,6035,2,2023-11-29,4,1,0,1
1666,3794,2,2025-05-17,4,3,0,0
1667,2432,3,2023-03-06,1,2,1,1
1668,2915,4,2025-08-04,11,4,0,0
1669,2332,3,2023-10-31,5,3,0,1
1670,6118,2,2024-09-12,2,2,0,1
1671,1802,4,2024-08-28,5,4,0,0
1672,2499,2,2025-07-05,5,3,1,1
1673,6506,3,2023-05-22,4,2,1,0
1674,4573,4,2025-10-05,10,1,0,1
1675,1168,3,2025-02-07,9,1,1,0
1676,6244,3,2022-09-12,5,2,1,0
1677,257,3,2025-11-03,6,4,1,0
1678,5750,4,2024-11-05,1,3,0,0
1679,2436,2,2025-03-28,5,4,1,0
1680,1749,2,2025-12-02,9,3,0,0
1681,132,4,2022-02-23,11,3,0,1
1682,2675,1,2024-04-08,6,4,0,0
1683,2452,4,2023-05-28,9,1,0,0
1684,4415,1,2024-09-07,4,1,1,1
1685,4563,3,2023-04-02,2,3,0,1
1686,803,2,2023-09-28,9,1,1,1
1687,2164,3,2023-01-18,4,1,0,0
1688,813,1,2025-09-03,11,1,1,0
1689,4760,4,2024-03-04,2,4,0,0
1690,6420,3,2022-05-17,1,2,1,0
1691,498,4,2022-02-21,2,2,0,0
1692,6044,4,2025-06-03,5,1,0,1
1693,2553,1,2022-12-31,3,1,0,0
1694,152,4,2023-05-10,6,4,1,1
1695,3284,1,2024-09-04,4,1,0,0
1696,6424,4,2025-03-05,2,3,1,0
1697,1350,4,2023-12-11,7,2,0,1
1698,1126,4,2025-11-13,11,3,1,1
1699,6527,2,2024-09-12,6,4,1,0
1700,1398,4,2022-08-17,8,1,0,1
1701,2813,3,2024-10-19,10,4,0,0
1702,281,2,2022-10-23,5,4,0,0
1703,6624,1,2024-07-27,3,1,1,0
1704,4561,4,2024-10-24,4,3,0,0
1705,1477,1,2024-07-30,5,4,1,1
1706,273,3,2024-05-11,5,1,1,0
1707,3988,3,2022-02-05,6,2,1,0
1708,6658,3,2024-02-09,9,2,1,0
1709,521,3,2025-10-06,4,1,1,0
1710,1727,4,2025-05-26,7,2,0,0
1711,5243,1,2025-01-19,7,4,1,0
1712,4200,1,2023-01-08,6,1,0,0
1713,1107,1,2024-04-05,1,1,0,1
1714,5229,2,2025-01-31,9,4,1,0
1715,1476,2,2025-11-30,6,4,1,0
1716,4998,4,2025-05-22,3,1,1,0
1717,5387,2,2023-02-25,11,2,1,1
1718,917,3,2024-03-21,2,3,1,0
1719,1983,4,2023-05-05,3,2,0,0
1720,6640,4,2025-01-22,11,2,1,0
1721,4313,4,2025-08-12,1,3,0,0
1722,5760,1,2024-02-18,3,4,1,1
1723,2334,2,2025-07-26,5,2,1,0
1724,3922,3,2023-11-02,4,1,1,0
1725,661,4,2022-08-07,10,2,1,0
1726,3735,3,2023-07-01,1,4,0,0
1727,2046,4,2025-01-29,5,1,1,0
1728,670,3,2024-08-04,3,4,1,0
1729,6124,1,2024-02-16,10,1,0,0
1730,1980,3,2024-04-14,11,4,0,1
1731,2322,2,2025-02-04,7,2,1,0
1732,5950,3,2025-11-30,10,4,0,1
1733,3828,4,2025-03-01,11,3,0,1
1734,2733,4,2024-03-12,8,2,1,1
1735,1853,1,2022-06-28,5,4,0,1
1736,2107,1,2024-02-21,10,2,1,1
1737,6563,4,2024-02-03,8,4,1,1
1738,1646,4,2025-08-22,6,4,1,0
1739,1430,3,2022-11-26,6,2,0,0
1740,3442,4,2022-09-10,5,1,1,0
1741,920,1,2024-04-26,11,1,1,0
1742,5427,1,2022-12-18,10,4,1,0
1743,2113,2,2023-08-24,6,3,0,1
1744,5519,2,2024-12-18,1,3,1,1
1745,3952,4,2023-09-23,8,4,1,0
1746,4096,3,2024-07-12,5,4,0,0
1747,412,4,2024-06-22,8,2,0,0
1748,4394,1,2022-12-11,3,3,1,0
1749,5268,1,2023-03-19,10,2,0,0
1750,6141,1,2025-02-09,6,1,1,1
1751,3300,4,2025-08-14,1,2,1,1
1752,2859,4,2023-01-24,1,4,1,0
1753,6864,2,2024-01-26,4,2,1,0
1754,1221,1,2025-12-01,10,2,0,1
1755,2291,2,2024-06-16,6,2,1,0
1756,2751,1,2022-03-01,3,4,1,0
1757,6315,2,2022-01-09,11,4,1,1
1758,754,4,2025-02-10,11,3,1,0
1759,1487,3,2022-12-31,5,2,0,0
1760,4354,3,2023-07-08,10,1,1,1
1761,6616,1,2022-11-13,11,2,1,0
1762,4247,4,2025-01-15,4,1,0,0
1763,5004,1,2022-02-05,10,3,0,0
1764,5550,2,2022-07-16,3,2,1,0
1765,5502,4,2025-11-27,9,1,1,0
1766,1441,2,2025-06-14,4,2,0,0
1767,3372,2,2024-08-20,10,2,1,0
1768,6381,1,2022-04-27,7,3,0,1
1769,5273,2,2025-01-31,5,1,1,0
1770,6563,1,2022-12-23,7,1,0,0
1771,6721,2,2025-12-11,5,4,0,0
1772,5572,1,2022-02-28,3,1,1,1
1773,6906,2,2022-07-25,6,2,1,1
1774,2207,2,2022-11-02,9,3,1,1
1775,1931,2,2024-02-07,6,4,1,1
1776,6176,1,2024-09-25,4,4,0,0
1777,2370,4,2025-02-06,1,2,1,0
1778,6204,3,2025-12-13,3,3,0,1
1779,1772,3,2024-11-08,3,4,0,0
1780,3771,1,2023-09-07,2,3,1,0
1781,2253,1,2022-09-06,10,1,1,0
1782,2163,3,2022-05-05,2,4,0,0
1783,6910,4,2022-06-26,8,4,1,0
1784,1092,4,2025-09-26,8,3,1,1
1785,5343,3,2022-08-25,3,4,1,0
1786,2470,2,2023-12-20,4,1,1,0
1787,1411,2,2025-01-09,5,4,1,0
1788,5099,1,2025-04-06,11,2,1,1
1789,5430,3,2022-05-26,9,4,1,0
1790,844,3,2024-07-12,5,2,1,0
1791,6828,1,2024-12-29,11,4,1,0
1792,6354,4,2025-03-04,6,4,0,1
1793,1663,4,2024-07-27,7,4,0,0
1794,4766,3,2025-08-30,11,3,1,0
1795,878,2,2024-09-28,2,4,1,0
1796,4043,3,2022-09-21,4,4,1,1
1797,4696,3,2024-01-28,6,1,0,0
1798,6101,2,2023-07-26,4,1,0,0
1799,6513,3,2025-05-14,5,2,0,1
1800,5686,4,2023-12-09,3,3,1,1
1801,3632,4,2022-10-29,2,1,0,0
1802,2851,2,2024-10-17,1,1,1,0
1803,3908,4,2024-03-16,3,3,1,0
1804,1562,2,2025-05-23,10,2,1,0
1805,5448,2,2024-08-16,9,4,1,0
1806,1112,3,2022-06-14,1,4,1,0
1807,2155,2,2024-03-05,8,4,1,1
1808,4333,4,2023-10-30,5,1,0,0
1809,5432,4,2022-02-26,4,1,1,0
1810,204,1,2025-03-14,5,3,0,0
1811,4677,4,2025-09-25,11,3,0,1
1812,2640,3,2022-11-08,7,4,1,1
1813,6080,2,2024-11-16,8,4,0,1
1814,864,4,2022-12-09,2,4,1,0
1815,5789,1,2022-01-29,6,1,1,0
1816,3710,1,2022-12-30,4,4,1,0
1817,4969,2,2023-04-04,8,1,1,1
1818,3022,4,2022-01-17,4,4,1,0
1819,6971,4,2023-09-15,3,3,0,0
1820,4633,1,2023-11-29,5,3,0,0
1821,5064,4,2023-07-22,4,1,1,0
1822,6171,4,2024-10-14,5,4,1,1
1823,534,2,2024-02-28,9,4,0,0
1824,5063,4,2023-02-11,11,3,1,0
1825,740,4,2024-12-28,3,1,0,0
1826,1839,1,2024-11-15,2,3,0,1
1827,6010,3,2025-10-11,2,1,1,1
1828,4407,4,2025-02-16,9,1,1,0
1829,2313,2,2024-05-09,7,3,0,0
1830,2930,1,2024-08-22,10,2,1,0
1831,5952,1,2022-11-21,4,4,1,0
1832,374,2,2023-11-22,6,1,1,0
1833,3949,3,2025-05-08,10,4,1,0
1834,2659,4,2025-01-01,6,4,1,0
1835,3495,4,2022-03-23,3,4,1,0
1836,4316,2,2023-04-15,9,4,1,0
1837,1501,1,2024-05-06,4,2,0,1
1838,520,2,2023-11-28,1,2,0,1
1839,363,3,2022-08-28,2,4,1,1
1840,1477,1,2022-04-23,5,3,0,0
1841,4720,3,2025-02-16,8,4,1,0
1842,2013,3,2022-12-02,7,1,0,0
1843,3325,1,2025-06-01,9,4,0,1
1844,1953,3,2024-06-16,1,2,1,0
1845,5856,1,2024-09-12,2,1,1,0
1846,4309,3,2022-03-24,10,1,1,0
1847,5770,3,2022-04-07,4,2,0,0
1848,4970,1,2024-05-27,7,2,1,0
1849,5264,3,2022-12-14,1,1,1,0
1850,6155,3,2023-03-03,5,2,0,0
1851,531,4,2023-10-28,2,2,1,0
1852,4544,3,2024-05-20,2,4,0,0
1853,4148,2,2022-03-23,2,1,0,1
1854,5325,3,2024-11-01,9,2,1,0
1855,2703,2,2022-10-26,11,2,1,0
1856,1578,1,2022-03-08,10,1,1,0
1857,5476,1,2024-03-15,5,4,0,0
1858,1632,4,2024-05-23,8,2,0,0
1859,2387,1,2022-05-09,10,4,1,0
1860,847,2,2023-11-26,6,4,0,0
1861,896,1,2025-03-24,11,4,1,0
1862,5718,1,2025-01-22,1,3,1,0
1863,1841,3,2023-11-11,10,1,0,1
1864,1357,2,2025-09-10,9,3,1,0
1865,1620,2,2024-11-23,7,1,0,0
1866,1871,2,2022-08-08,11,4,1,0
1867,2247,1,2022-12-12,2,4,1,0
1868,1463,2,2023-12-27,8,4,1,0
1869,2198,1,2025-06-07,2,4,1,0
1870,1963,1,2024-11-28,2,4,1,1
1871,6194,4,2024-01-05,4,3,1,0
1872,1364,4,2023-11-06,8,4,1,1
1873,4732,1,2025-11-15,7,4,1,0
1874,3603,1,2024-07-30,2,4,1,0
1875,859,3,2023-04-18,10,3,1,1
1876,3218,4,2025-12-31,6,2,1,1
1877,778,2,2025-08-03,11,1,0,0
1878,50,4,2023-03-09,11,1,0,0
1879,2609,4,2022-12-06,4,2,0,0
1880,5033,4,2023-01-13,10,2,1,0
1881,3683,2,2025-10-22,1,3,1,1
1882,6543,1,2024-08-09,8,1,1,0
1883,376,4,2023-05-21,8,2,1,1
1884,23,4,2023-08-16,6,2,0,0
1885,5196,1,2025-04-19,10,3,0,0
1886,2673,1,2025-12-19,7,3,1,0
1887,4379,3,2022-07-08,3,4,1,1
1888,1030,4,2025-09-02,9,2,1,0
1889,4376,1,2023-09-21,4,3,1,0
1890,2646,2,2022-04-22,11,1,1,0
1891,393,2,2024-08-10,2,3,1,0
1892,6090,3,2023-03-18,4,1,0,0
1893,3518,4,2024-01-10,2,4,0,1
1894,1094,1,2023-12-04,4,2,1,0
1895,1498,2,2023-02-02,2,2,0,0
1896,6125,3,2023-02-28,11,3,1,0
1897,484,4,2022-08-10,8,4,0,0
1898,2858,2,2022-03-30,6,2,0,0
1899,4924,3,2025-03-17,8,3,1,1
1900,3923,1,2022-10-18,11,3,1,1
1901,2224,2,2022-09-11,1,3,0,0
1902,231,4,2022-01-10,9,3,1,1
1903,87,2,2025-11-03,11,1,1,1
1904,4485,1,2025-08-24,2,4,1,0
1905,1644,1,2024-12-15,8,1,1,0
1906,719,3,2025-02-25,4,2,0,1
1907,5854,1,2022-09-08,2,4,1,0
1908,4833,4,2024-05-13,1,3,1,0
1909,2230,4,2023-04-13,4,2,0,0
1910,2470,2,2024-02-04,10,3,1,0
1911,6803,2,2024-01-10,1,2,1,0
1912,6597,1,2025-03-30,8,4,1,1
1913,2249,1,2022-11-10,2,4,1,0
1914,583,1,2022-05-23,8,1,0,1
1915,4120,1,2023-01-07,10,4,0,0
1916,873,2,2025-09-21,1,2,1,0
1917,6646,4,2024-04-13,7,4,1,0
1918,2384,3,2025-01-19,7,4,1,1
1919,3722,2,2022-10-15,5,4,1,1
1920,1493,2,2024-02-05,3,3,0,1
1921,5103,4,2024-07-19,6,3,0,0
1922,6031,3,2022-08-04,11,4,0,0
1923,5696,4,2023-07-09,5,2,0,0
1924,4237,1,2022-05-16,9,4,1,0
1925,6132,3,2024-08-26,4,2,0,0
1926,6898,2,2025-07-17,9,4,1,0
1927,3319,1,2024-03-02,10,3,1,0
1928,1095,1,2024-05-23,6,2,1,0
1929,4008,1,2025-06-02,9,1,1,0
1930,4488,1,2024-04-06,3,3,1,0
1931,6123,1,2023-01-26,1,3,1,0
1932,2296,1,2024-12-21,6,4,1,0
1933,1129,3,2022-02-03,4,1,1,0
1934,5172,1,2024-07-05,11,2,1,0
1935,2306,3,2022-10-22,10,1,1,0
1936,5605,3,2022-04-12,4,4,0,0
1937,406,4,2022-08-12,4,3,1,0
1938,1655,4,2025-03-09,1,1,1,1
1939,4982,3,2024-09-05,5,2,0,0
1940,3076,1,2025-09-17,9,2,1,0
1941,1588,4,2023-07-24,3,3,1,0
1942,6511,1,2023-11-27,2,4,1,0
1943,2055,1,2024-12-19,2,3,0,0
1944,4097,4,2024-05-26,10,1,0,0
1945,4435,4,2025-10-28,7,4,0,0
1946,3770,4,2023-06-16,6,2,0,1
1947,3774,1,2024-04-19,2,4,1,1
1948,4446,2,2025-04-18,1,4,0,0
1949,6770,2,2025-01-04,7,1,1,0
1950,2103,4,2025-04-19,11,3,1,0
1951,6773,1,2024-06-21,6,1,0,0
1952,3853,2,2023-12-10,5,2,0,1
1953,796,4,2023-07-13,5,3,1,1
1954,2947,1,2023-08-10,10,4,1,0
1955,2320,1,2025-01-22,3,1,0,1
1956,2905,1,2023-11-17,11,4,0,0
1957,1454,1,2023-06-04,5,1,1,0
1958,879,1,2025-01-24,6,2,0,0
1959,4473,1,2025-04-08,11,2,1,0
1960,387,1,2025-05-15,7,1,0,0
1961,3682,4,2024-03-28,7,2,0,0
1962,2435,4,2025-08-04,10,4,1,1
1963,1181,3,2024-07-08,10,3,0,0
1964,4520,4,2025-02-06,8,1,0,0
1965,787,4,2022-12-02,5,4,1,1
1966,6804,3,2025-05-09,4,1,1,0
1967,4373,4,2025-09-04,7,3,0,0
1968,3220,2,2022-11-09,2,2,1,0
1969,1839,2,2024-07-09,8,3,0,0
1970,6700,4,2023-05-15,4,3,0,1
1971,1774,4,2023-02-25,10,1,0,0
1972,3186,4,2023-01-05,1,3,1,0
1973,2043,4,2024-11-09,2,2,0,0
1974,1625,3,2022-01-02,1,1,1,0
1975,3573,3,2024-10-20,5,2,0,0
1976,6315,4,2025-08-19,1,3,0,0
1977,1249,4,2025-02-01,11,3,0,0
1978,4243,3,2024-08-06,9,2,1,0
1979,1626,2,2025-05-27,11,1,0,0
1980,1472,1,2023-10-27,11,3,1,0
1981,5550,4,2022-05-05,4,4,1,0
1982,3753,2,2022-07-19,10,3,0,1
1983,1347,1,2025-12-28,3,3,1,0
1984,1115,1,2022-09-26,9,4,0,0
1985,14,2,2025-02-02,4,1,0,0
1986,1172,4,2024-11-17,1,1,0,0
1987,1827,1,2023-05-05,2,3,1,1
1988,3543,4,2022-12-06,4,4,0,0
1989,409,4,2023-12-23,11,1,1,0
1990,4480,2,2024-09-14,1,4,0,0
1991,5508,3,2023-05-24,6,4,1,0
1992,4153,4,2022-02-16,7,4,1,0
1993,2562,3,2023-01-13,1,4,0,1
1994,3650,2,2023-09-17,6,2,1,0
1995,2393,2,2025-12-26,3,3,0,0
1996,1903,2,2024-10-09,7,2,0,1
1997,3159,2,2022-07-17,11,4,1,1
1998,405,1,2024-08-05,2,1,0,0
1999,4341,3,2023-12-27,2,1,1,0
2000,5721,2,2025-09-19,11,2,0,1
2001,859,2,2023-09-06,4,4,0,1
2002,6196,4,2024-05-31,11,4,0,0
2003,1998,3,2022-03-15,8,1,1,0
2004,209,2,2025-11-25,3,3,0,1
2005,6006,3,2024-04-10,8,2,0,0
2006,2191,3,2022-10-25,7,2,1,1
2007,1823,2,2023-12-15,5,3,0,0
2008,546,1,2024-02-04,4,4,1,1
2009,804,2,2024-01-09,10,1,1,0
2010,6777,1,2025-05-19,10,2,1,0
2011,1128,2,2024-07-15,2,2,1,0
2012,5164,1,2022-09-25,9,4,0,0
2013,6477,4,2025-06-26,4,3,0,1
2014,4093,3,2025-02-26,5,1,0,1
2015,247,3,2025-11-30,2,4,0,0
2016,2578,2,2025-10-21,2,2,0,0
2017,465,2,2024-09-22,2,1,1,0
2018,6445,1,2023-01-25,10,4,1,0
2019,620,1,2023-04-10,2,2,0,0
2020,1959,1,2022-10-12,9,1,0,0
2021,3036,1,2024-07-29,5,4,0,0
2022,6682,1,2023-05-31,11,2,0,1
2023,2416,2,2025-01-05,6,1,1,0
2024,1230,3,2023-10-13,4,1,1,0
2025,357,1,2023-06-30,2,2,0,1
2026,2379,3,2023-03-22,3,1,1,0
2027,3352,3,2023-08-23,3,1,1,0
2028,885,2,2024-12-03,11,3,1,0
2029,6586,4,2023-02-01,11,3,0,0
2030,4597,1,2024-01-20,10,3,0,0
2031,1759,1,2022-03-13,8,4,1,0
2032,4840,1,2022-01-17,8,4,1,0
2033,2921,1,2024-02-12,6,3,1,0
2034,1458,2,2024-07-07,11,1,0,1
2035,6344,4,2025-11-06,10,2,0,0
2036,551,2,2025-01-26,11,4,1,0
2037,200,1,2023-05-08,8,2,1,0
2038,1391,1,2025-11-18,3,3,0,0
2039,3743,3,2022-02-11,7,2,1,1
2040,4435,3,2024-06-19,5,2,1,0
2041,1444,4,2022-02-23,9,1,1,1
2042,4775,1,2022-10-13,9,1,1,0
2043,6880,1,2025-02-28,5,2,1,0
2044,277,4,2022-06-25,6,1,0,0
2045,5911,3,2022-10-02,1,3,1,0
2046,54,3,2022-04-17,4,3,1,1
2047,164,1,2023-12-29,1,2,1,1
2048,6799,3,2024-06-01,4,4,0,0
2049,5506,4,2024-09-17,1,2,1,0
2050,2124,2,2023-09-10,10,4,1,0
2051,2790,3,2023-02-18,4,4,1,1
2052,5102,4,2022-06-15,6,4,0,1
2053,4518,1,2025-03-02,9,3,1,0
2054,4673,2,2025-04-30,2,2,0,1
2055,1254,4,2023-02-20,2,4,0,0
2056,1330,2,2023-02-10,6,2,1,0
2057,986,3,2024-05-21,11,1,0,1
2058,3189,1,2023-07-28,10,1,0,0
2059,5360,3,2024-07-28,6,4,1,0
2060,6650,3,2024-05-28,3,3,1,0
2061,6913,4,2023-04-08,2,3,1,0
2062,5653,4,2022-06-14,3,4,1,0
2063,1081,3,2024-04-10,4,3,1,0
2064,659,4,2025-05-11,4,3,1,0
2065,5149,4,2025-12-31,7,4,0,0
2066,6578,2,2022-04-04,4,3,1,0
2067,2266,3,2025-06-14,10,1,1,1
2068,4642,3,2022-12-01,6,2,1,0
2069,2035,4,2022-08-27,6,4,0,0
2070,849,3,2024-05-04,10,3,0,1
2071,466,3,2025-04-02,3,3,1,0
2072,4662,4,2022-12-21,9,4,0,1
2073,4600,1,2022-05-01,10,1,1,0
2074,6532,4,2023-09-16,5,1,1,1
2075,5662,1,2022-09-15,10,1,1,0
2076,1375,1,2023-08-21,9,1,0,1
2077,5445,2,2025-01-28,10,2,1,0
2078,6112,1,2023-01-08,6,4,1,0
2079,4637,3,2024-04-29,6,2,0,0
2080,5516,4,2022-09-10,9,1,0,1
2081,1807,3,2022-08-03,10,1,0,0
2082,2127,1,2025-02-11,5,4,0,0
2083,6627,4,2023-03-05,3,3,1,0
2084,6453,4,2024-06-05,3,4,0,0
2085,419,4,2024-06-14,2,2,1,0
2086,6379,4,2025-01-07,2,3,1,0
2087,1460,2,2025-04-08,6,1,0,1
2088,4533,2,2025-06-01,8,4,1,0
2089,6030,2,2023-04-19,11,3,0,0
2090,6290,4,2024-01-03,8,4,1,0
2091,2214,3,2024-07-18,8,1,0,0
2092,598,1,2025-04-09,10,2,1,0
2093,1190,2,2022-12-21,7,3,1,0
2094,5515,3,2022-06-12,2,3,0,0
2095,3907,2,2024-04-17,10,3,0,1
2096,5373,2,2025-01-02,11,2,1,0
2097,4046,1,2024-05-23,2,2,0,1
2098,5529,4,2025-04-18,10,3,1,1
2099,446,3,2025-07-15,7,3,1,0
2100,4750,2,2022-09-20,4,3,1,1
2101,47,4,2022-12-12,6,1,1,1
2102,5215,3,2023-04-20,9,4,0,0
2103,3929,2,2024-05-01,5,1,1,0
2104,1513,4,2023-08-23,10,1,0,1
2105,6796,1,2025-02-11,4,2,0,0
2106,1287,2,2022-05-13,3,3,1,1
2107,2702,4,2024-02-26,7,1,1,0
2108,1949,1,2023-12-25,7,3,1,0
2109,943,4,2022-02-10,7,2,1,0
2110,2702,2,2024-11-09,5,1,1,0
2111,5079,1,2024-09-19,10,3,0,1
2112,5811,2,2022-02-26,8,2,1,0
2113,2291,4,2022-10-15,11,2,0,0
2114,3726,4,2025-10-21,2,1,0,0
2115,4951,2,2025-12-27,4,2,1,0
2116,904,2,2022-06-18,1,4,1,1
2117,5453,3,2023-08-05,6,2,1,0
2118,2660,3,2024-01-27,6,1,0,1
2119,1132,2,2023-01-23,3,3,1,0
2120,2369,4,2023-03-22,1,4,1,0
2121,6949,4,2024-01-06,5,2,0,1
2122,4570,4,2024-08-29,1,3,0,0
2123,2756,3,2024-11-19,3,3,0,0
2124,6416,4,2025-04-08,8,3,1,0
2125,3545,3,2022-04-26,10,1,0,0
2126,467,4,2024-05-23,9,2,1,0
2127,4058,2,2024-12-15,3,4,1,0
2128,4851,4,2025-04-13,9,1,1,1
2129,6368,2,2024-04-27,7,3,1,1
2130,4035,2,2025-06-13,8,2,1,0
2131,1136,4,2024-04-02,6,3,0,0
2132,1479,3,2023-01-23,5,4,1,1
2133,4384,3,2022-05-28,10,3,1,0
2134,5573,3,2023-12-12,8,1,0,0
2135,341,4,2024-06-02,2,1,0,0
2136,6302,2,2023-10-07,7,4,1,0
2137,660,3,2022-10-01,1,4,0,0
2138,186,3,2024-12-04,7,2,1,0
2139,2077,1,2025-10-06,6,2,1,0
2140,1432,4,2022-10-21,4,3,1,1
2141,4993,4,2024-12-26,3,3,1,0
2142,747,4,2023-08-05,9,4,0,1
2143,5147,1,2022-05-06,6,4,0,0
2144,5081,2,2022-05-26,6,4,0,1
2145,3835,2,2024-09-27,1,3,1,1
2146,533,3,2024-03-20,5,1,1,0
2147,2976,1,2024-04-26,7,4,1,0
2148,6316,1,2023-09-11,4,4,0,0
2149,4210,2,2025-02-24,2,2,1,1
2150,1122,3,2025-10-24,9,1,0,1
2151,3094,4,2024-05-09,6,1,0,0
2152,6698,4,2024-02-24,9,3,0,0
2153,1145,4,2025-11-24,8,4,1,0
2154,211,2,2023-04-16,1,3,1,0
2155,3774,4,2022-08-25,2,3,1,0
2156,2864,3,2023-07-17,2,1,1,0
2157,2434,1,2022-02-18,2,3,1,0
2158,4997,3,2024-05-06,4,4,1,1
2159,1924,1,2024-06-05,7,1,1,0
2160,3125,4,2024-11-16,7,1,1,0
2161,1892,1,2024-05-13,1,4,1,0
2162,641,4,2024-06-25,8,1,1,1
2163,1615,1,2022-05-24,4,2,0,1
2164,1485,2,2025-05-11,8,4,1,0
2165,5855,2,2023-06-13,10,1,1,1
2166,3793,2,2023-11-09,9,3,1,1
2167,1926,3,2023-09-21,7,3,1,1
2168,1880,2,2024-08-27,3,4,1,1
2169,2999,1,2023-05-02,3,4,1,0
2170,1332,4,2024-01-15,5,4,1,0
2171,5453,2,2025-05-15,7,2,0,1
2172,2261,4,2024-08-11,7,3,1,1
2173,6334,1,2023-01-20,9,3,1,0
2174,4280,2,2023-06-26,1,4,0,0
2175,2141,3,2025-05-20,3,3,1,0
2176,1644,3,2024-08-13,1,2,0,0
2177,6860,1,2023-12-22,6,1,1,0
2178,5396,2,2024-07-31,10,2,0,0
2179,5098,2,2022-05-03,7,4,1,1
2180,5154,1,2024-04-03,2,2,1,1
2181,5903,3,2022-02-06,9,3,0,1
2182,6963,2,2023-07-30,5,3,1,0
2183,2293,2,2025-09-15,3,2,1,1
2184,3711,2,2023-11-06,7,4,1,0
2185,1796,4,2025-05-14,7,4,1,0
2186,5429,4,2024-10-26,1,1,1,1
2187,1678,3,2025-10-08,6,2,1,0
2188,2753,2,2023-12-22,3,1,0,0
2189,1404,3,2022-11-15,7,3,0,1
2190,6194,4,2024-05-05,5,2,1,1
2191,239,4,2023-06-19,4,1,0,1
2192,319,2,2023-01-09,10,2,1,0
2193,562,3,2025-06-11,7,2,1,0
2194,5213,1,2024-12-06,7,3,1,0
2195,2808,3,2025-05-27,8,1,0,0
2196,2378,1,2024-10-14,5,1,0,1
2197,3414,2,2022-02-18,4,1,0,1
2198,6386,4,2022-04-16,1,1,1,1
2199,4705,2,2023-05-04,4,1,1,0
2200,5596,4,2024-02-22,11,3,1,1
2201,4039,2,2023-04-18,10,2,1,1
2202,2660,1,2024-06-18,1,3,0,0
2203,1508,2,2023-09-01,7,2,0,0
2204,5545,3,2023-07-27,6,1,1,1
2205,4962,3,2022-06-17,7,3,0,0
2206,2021,1,2024-08-10,8,4,0,1
2207,155,3,2024-11-26,6,2,1,0
2208,542,1,2024-07-29,2,2,1,0
2209,4256,1,2023-03-13,2,2,0,1
2210,4886,4,2022-02-05,9,1,1,1
2211,1605,4,2023-07-21,6,3,1,1
2212,1685,2,2024-10-29,6,2,0,1
2213,2537,4,2023-07-05,1,1,1,1
2214,1280,1,2023-06-06,8,3,0,1
2215,4152,4,2022-02-10,11,4,1,0
2216,2900,3,2025-03-27,8,2,1,1
2217,5862,3,2022-09-25,4,1,1,0
2218,5279,2,2022-11-06,7,2,0,0
2219,869,1,2023-08-12,9,1,0,1
2220,6075,2,2025-04-12,11,4,1,1
2221,3014,2,2025-09-06,1,3,1,1
2222,3167,4,2022-02-01,5,2,1,0
2223,3311,2,2024-03-01,8,4,1,0
2224,683,4,2023-04-28,7,4,0,0
2225,2264,4,2022-09-19,10,4,1,0
2226,1462,2,2025-06-02,4,1,1,0
2227,3830,2,2022-10-07,3,1,0,1
2228,146,1,2025-02-06,1,1,0,0
2229,1975,4,2025-03-15,3,3,1,0
2230,5628,3,2022-09-11,2,4,0,1
2231,1821,1,2023-06-10,5,1,1,1
2232,6268,4,2024-09-14,1,2,0,0
2233,6963,4,2022-10-21,4,3,0,0
2234,6476,4,2025-02-21,8,2,1,0
2235,605,4,2024-06-24,9,1,1,1
2236,6333,4,2022-02-25,1,4,1,0
2237,1607,1,2023-05-08,3,1,1,0
2238,4240,4,2025-06-20,6,2,0,0
2239,3200,2,2023-11-26,5,2,0,0
2240,1548,3,2025-02-01,1,3,1,0
2241,6974,1,2022-02-15,2,1,0,1
2242,2773,1,2025-10-18,2,4,1,1
2243,1988,3,2025-07-10,7,3,0,1
2244,1386,1,2024-04-08,6,1,0,1
2245,3644,4,2022-04-15,6,4,0,1
2246,2897,4,2023-08-17,1,2,1,0
2247,1820,3,2023-10-30,1,4,1,0
2248,6976,1,2023-09-07,4,3,0,1
2249,2655,2,2022-12-24,10,1,1,0
2250,2120,3,2025-08-25,6,2,0,0
2251,4718,1,2022-11-15,11,3,1,0
2252,946,1,2023-09-11,6,3,0,1
2253,1306,3,2024-01-06,5,3,1,0
2254,5544,4,2025-01-28,4,2,1,0
2255,1902,3,2023-06-21,2,3,0,1
2256,6583,3,2022-07-11,7,1,1,0
2257,3696,3,2022-02-17,6,2,1,0
2258,159,3,2024-02-18,7,3,1,1
2259,3795,3,2024-02-20,3,2,1,0
2260,6014,4,2025-05-31,1,1,1,1
2261,3323,2,2024-03-25,1,3,1,0
2262,1351,4,2025-06-08,4,2,1,0
2263,4721,2,2022-03-31,4,2,1,1
2264,4434,4,2023-08-14,7,4,1,0
2265,6899,3,2024-05-30,7,1,1,0
2266,1655,1,2025-10-26,4,1,1,1
2267,5204,2,2025-11-01,7,4,0,0
2268,5876,2,2025-07-11,8,2,1,0
2269,3031,1,2024-02-24,9,3,0,1
2270,676,2,2025-12-07,6,3,0,0
2271,369,4,2022-04-11,4,2,1,0
2272,6771,2,2023-11-27,10,1,0,0
2273,3176,4,2022-05-15,2,4,1,0
2274,1204,3,2025-05-21,9,3,1,0
2275,3361,2,2023-10-13,7,3,0,0
2276,1472,2,2024-11-11,6,1,0,0
2277,5352,2,2023-09-03,4,1,1,0
2278,1349,4,2023-01-20,4,1,1,0
2279,3424,3,2024-04-17,2,4,1,0
2280,3017,1,2023-10-11,1,2,1,1
2281,670,1,2025-09-06,5,4,0,0
2282,5728,1,2024-01-19,6,2,0,1
2283,1255,4,2022-11-06,10,4,1,0
2284,4420,1,2024-04-19,9,2,1,1
2285,2009,2,2023-01-16,1,1,0,1
2286,6934,3,2024-07-12,5,2,0,1
2287,827,3,2024-02-20,11,1,0,0
2288,2312,4,2025-01-11,5,4,1,1
2289,450,2,2024-03-09,9,2,1,1
2290,549,1,2024-01-16,11,2,0,0
2291,1635,3,2025-12-16,11,3,0,0
2292,5432,2,2024-09-14,4,1,0,0
2293,3670,2,2022-02-22,3,3,1,0
2294,2113,4,2025-11-13,3,4,1,0
2295,1639,4,2023-04-17,6,4,1,0
2296,6570,2,2024-04-14,11,1,0,0
2297,4720,4,2022-07-19,1,4,0,0
2298,4449,2,2022-02-17,1,4,1,1
2299,6724,4,2023-10-03,1,2,1,0
2300,1008,3,2022-02-15,7,2,0,0
2301,5257,4,2024-04-21,5,2,1,0
2302,4232,2,2024-10-19,11,1,0,0
2303,3386,3,2025-12-31,9,1,1,0
2304,1011,2,2023-08-22,11,2,1,0
2305,2774,2,2024-10-13,3,4,1,0
2306,5994,4,2025-01-19,6,3,1,1
2307,2801,3,2024-01-01,7,2,1,0
2308,310,2,2022-09-20,3,2,0,0
2309,5717,1,2023-10-15,9,4,0,0
2310,5558,4,2025-03-08,2,4,1,1
2311,156,3,2022-11-11,7,2,0,1
2312,1637,3,2024-08-18,10,2,1,0
2313,5058,2,2024-09-08,4,3,1,0
2314,4462,3,2024-08-03,9,3,1,0
2315,3153,3,2023-10-16,7,4,1,1
2316,5357,1,2025-11-08,8,3,0,0
2317,3131,3,2023-09-24,11,4,1,1
2318,1261,1,2022-07-17,10,1,1,1
2319,4434,4,2024-11-06,3,2,1,1
2320,4568,4,2024-06-11,6,1,0,1
2321,5535,4,2024-04-05,4,2,1,0
2322,4385,3,2024-04-12,4,3,1,0
2323,4470,4,2025-11-28,2,2,1,0
2324,3381,1,2023-07-15,11,4,0,0
2325,1631,3,2022-09-20,10,4,0,0
2326,1146,3,2024-10-06,9,3,1,0
2327,2395,1,2024-10-23,11,4,1,0
2328,6777,1,2024-11-23,1,2,1,1
2329,36,1,2025-07-03,1,2,1,0
2330,725,4,2022-12-02,7,3,1,0
2331,1477,3,2022-09-21,10,2,0,0
2332,2507,2,2024-04-10,7,3,0,1
2333,3298,2,2024-05-26,4,3,1,1
2334,891,3,2023-11-13,8,4,0,0
2335,2850,3,2025-04-12,5,4,1,0
2336,1401,1,2022-03-23,6,2,1,0
2337,5693,4,2025-02-11,4,4,1,1
2338,5308,1,2022-05-15,3,3,1,0
2339,1027,1,2025-02-23,2,1,0,1
2340,4102,2,2023-11-28,8,4,0,1
2341,5892,4,2024-02-27,11,4,0,0
2342,2661,3,2022-01-31,5,1,1,1
2343,4405,3,2023-03-24,10,2,1,1
2344,2407,2,2025-11-15,6,3,0,0
2345,5959,1,2024-02-08,6,1,0,0
2346,3006,4,2022-08-27,4,1,1,0
2347,6652,1,2025-10-30,9,3,1,0
2348,6609,4,2022-10-05,7,1,1,1
2349,3750,1,2022-01-04,10,1,1,0
2350,676,4,2023-12-08,8,4,1,0
2351,2850,1,2022-12-12,7,2,0,0
2352,518,2,2025-05-27,4,2,1,0
2353,4480,4,2024-05-19,9,4,1,0
2354,3986,1,2025-09-04,2,4,1,0
2355,6634,4,2025-11-08,5,3,0,0
2356,2587,1,2025-12-20,2,3,1,0
2357,6695,2,2023-07-13,8,1,1,0
2358,5609,4,2024-01-24,9,2,1,1
2359,5427,1,2024-11-26,3,3,1,1
2360,5395,2,2022-01-26,5,1,1,0
2361,4704,1,2023-06-02,9,2,1,0
2362,162,3,2024-01-08,6,3,1,0
2363,601,1,2025-03-24,3,2,1,0
2364,5367,3,2024-03-10,6,1,1,0
2365,1560,2,2023-12-20,9,4,1,0
2366,665,1,2025-10-10,11,1,1,0
2367,6988,4,2024-03-05,11,4,0,0
2368,4958,4,2025-12-21,10,4,0,0
2369,6387,4,2022-03-21,7,1,1,0
2370,3782,4,2022-10-27,4,4,1,0
2371,6174,1,2022-12-03,4,2,0,0
2372,2040,1,2022-02-28,1,3,0,0
2373,4577,3,2024-06-23,3,3,1,0
2374,3791,1,2024-02-10,9,1,1,0
2375,4317,2,2024-03-18,1,1,1,0
2376,6515,4,2023-09-18,2,1,0,0
2377,6264,1,2025-12-21,2,1,0,0
2378,5913,2,2023-07-18,8,2,0,1
2379,1773,3,2022-04-27,6,1,1,0
2380,4606,2,2025-08-11,7,1,1,0
2381,6013,3,2025-03-08,11,3,1,0
2382,6658,4,2025-11-24,4,2,1,0
2383,1391,3,2023-08-13,11,1,1,0
2384,4287,3,2022-03-03,4,2,0,0
2385,5756,2,2023-07-11,4,1,0,0
2386,1718,4,2023-01-14,6,2,1,0
2387,1958,2,2023-03-06,4,1,1,0
2388,1660,4,2025-04-11,1,1,1,1
2389,3089,2,2025-06-25,1,2,0,1
2390,2079,1,2024-07-27,8,1,1,0
2391,2945,2,2022-06-19,2,1,1,1
2392,5254,3,2024-06-07,9,2,1,1
2393,5343,2,2023-02-01,10,3,0,0
2394,5190,3,2023-04-15,8,4,0,0
2395,1828,2,2025-06-10,1,3,0,1
2396,2440,2,2023-12-30,10,1,1,1
2397,1117,3,2022-09-30,11,2,0,0
2398,5193,4,2023-12-30,8,3,1,1
2399,2006,2,2025-09-15,9,2,1,0
2400,1162,1,2025-04-05,4,3,1,0
2401,4120,1,2023-12-14,7,4,1,0
2402,6591,3,2025-03-29,4,1,0,0
2403,168,3,2023-07-30,3,2,0,0
2404,6914,3,2023-03-16,11,1,0,0
2405,5396,1,2024-02-14,1,1,0,0
2406,2001,3,2025-04-13,2,4,0,0
2407,289,3,2024-05-12,7,4,1,0
2408,1038,4,2022-12-02,6,1,0,0
2409,5600,1,2022-11-19,8,2,0,0
2410,2486,4,2025-05-22,11,4,1,0
2411,6199,4,2025-11-05,3,4,0,0
2412,3365,3,2024-07-15,6,4,1,0
2413,4824,4,2022-12-17,6,3,1,0
2414,2132,2,2023-08-21,2,4,1,0
2415,4465,2,2022-09-27,1,1,0,0
2416,3974,2,2024-12-07,2,2,0,1
2417,1185,4,2023-11-21,9,3,1,0
2418,4992,2,2022-10-01,6,4,0,1
2419,2354,1,2023-10-28,3,1,1,0
2420,5596,2,2023-11-01,10,3,1,0
2421,1483,2,2023-10-19,7,3,1,0
2422,5860,4,2024-01-23,1,2,1,1
2423,3668,1,2025-12-09,8,4,0,0
2424,4806,4,2025-07-21,10,2,1,0
2425,200,1,2024-12-15,7,2,1,0
2426,335,1,2023-08-29,3,3,1,1
2427,3414,4,2022-07-30,4,4,0,0
2428,179,2,2024-05-02,11,3,1,0
2429,450,3,2023-03-25,7,2,1,0
2430,1725,3,2022-10-27,4,3,1,0
2431,1180,2,2025-01-29,5,3,1,0
2432,4836,3,2022-12-21,1,3,0,1
2433,868,3,2025-10-04,5,2,1,0
2434,978,1,2022-04-08,10,1,1,0
2435,5516,4,2024-10-01,10,1,1,1
2436,5331,4,2023-05-06,4,2,0,0
2437,3641,2,2022-07-30,3,4,0,1
2438,666,2,2023-08-27,9,3,0,0
2439,2073,4,2024-02-19,1,2,0,0
2440,2524,3,2024-07-13,10,1,1,0
2441,783,2,2022-06-08,5,2,1,1
2442,4298,1,2025-11-09,10,1,0,1
2443,4706,4,2025-05-08,2,4,1,0
2444,6733,3,2025-12-01,5,1,0,1
2445,1488,1,2025-07-23,5,4,0,0
2446,4533,4,2025-11-04,10,4,1,0
2447,4968,4,2022-09-01,11,4,1,1
2448,3551,3,2022-11-15,1,2,1,0
2449,3451,2,2022-01-01,4,2,1,0
2450,2159,1,2024-06-27,7,4,0,1
2451,123,1,2023-09-14,1,1,0,0
2452,6198,1,2023-02-27,10,3,1,0
2453,5591,4,2024-10-17,2,3,0,1
2454,6311,3,2022-03-09,4,1,1,0
2455,5086,3,2022-06-04,10,3,0,0
2456,2483,4,2025-12-13,2,1,1,1
2457,4074,1,2023-04-06,2,1,1,0
2458,960,1,2022-10-30,1,4,1,0
2459,6745,3,2023-08-01,2,1,1,0
2460,5131,2,2025-08-21,3,2,0,1
2461,1407,4,2024-11-19,4,2,0,1
2462,3546,2,2025-11-28,1,2,1,0
2463,4605,1,2024-07-07,1,1,1,0
2464,564,4,2024-02-13,7,2,1,1
2465,725,4,2023-12-20,5,4,0,1
2466,247,2,2024-05-03,7,4,1,0
2467,2629,4,2023-11-16,10,3,0,0
2468,5639,3,2022-03-21,9,3,1,0
2469,6284,2,2024-05-29,1,4,0,1
2470,4967,3,2022-12-03,8,2,0,1
2471,405,1,2022-02-17,10,4,0,0
2472,2554,2,2022-08-30,4,2,1,0
2473,1248,4,2025-03-16,9,1,1,0
2474,6725,2,2024-12-03,2,2,0,1
2475,2395,3,2024-06-26,9,2,0,0
2476,4959,3,2024-01-14,8,2,1,1
2477,6518,1,2025-01-30,6,1,1,0
2478,1228,4,2025-08-18,5,4,1,1
2479,633,4,2025-06-21,3,3,0,0
2480,6436,1,2025-08-06,1,1,1,0
2481,6421,3,2023-10-26,6,2,0,1
2482,3381,4,2023-10-28,10,2,0,0
2483,4350,4,2022-02-01,5,3,0,0
2484,6143,3,2023-02-19,8,2,1,0
2485,659,1,2024-06-26,1,4,1,0
2486,2051,3,2025-06-25,10,1,0,1
2487,5308,4,2023-11-24,1,1,1,0
2488,3422,2,2024-12-23,7,1,0,1
2489,1124,1,2022-11-09,8,1,0,0
2490,4553,2,2023-04-18,10,4,1,0
2491,6562,3,2025-08-14,1,4,1,1
2492,6301,1,2023-01-22,9,2,1,1
2493,6346,1,2025-06-12,7,1,1,0
2494,884,1,2023-01-13,7,2,1,0
2495,697,3,2022-01-01,8,1,0,0
2496,4425,1,2023-01-03,8,4,0,0
2497,6184,1,2024-06-23,1,3,0,1
2498,5426,4,2022-11-30,4,3,1,0
2499,715,1,2023-05-24,11,1,1,0
2500,6291,4,2025-10-13,9,4,0,0
2501,3990,1,2023-11-25,3,3,1,0
2502,242,3,2023-01-20,6,3,1,0
2503,4275,1,2024-05-03,4,3,1,0
2504,5169,1,2022-05-23,1,4,1,0
2505,2228,3,2023-11-21,3,3,0,1
2506,6011,1,2024-11-06,3,2,1,0
2507,6806,2,2023-01-19,3,1,0,0
2508,3006,1,2024-05-29,11,3,1,1
2509,4847,1,2022-11-08,6,4,1,0
2510,1340,4,2023-05-06,9,2,1,1
2511,1744,4,2022-07-02,7,3,0,0
2512,6353,2,2023-08-21,7,2,1,0
2513,2679,3,2023-09-19,1,4,1,0
2514,1461,1,2022-04-04,9,1,1,1
2515,6687,4,2024-05-03,4,2,1,0
2516,4445,2,2024-10-28,8,1,0,0
2517,4615,3,2023-04-09,1,4,0,1
2518,387,4,2024-12-04,8,2,1,1
2519,5401,3,2024-02-20,9,4,1,1
2520,1442,2,2024-03-17,5,2,0,0
2521,801,3,2023-11-20,7,4,0,0
2522,607,3,2025-03-19,11,4,1,0
2523,4440,2,2023-07-01,10,3,1,0
2524,1918,3,2022-11-26,2,3,0,0
2525,3110,2,2024-03-25,1,4,1,1
2526,366,3,2023-03-12,11,2,1,0
2527,4477,4,2023-11-17,6,2,1,1
2528,5892,4,2022-11-24,9,2,1,0
2529,4042,4,2023-10-26,1,4,0,0
2530,985,4,2024-09-30,10,1,1,0
2531,1125,2,2022-12-25,1,2,1,0
2532,491,3,2025-09-21,4,1,0,0
2533,6337,2,2023-04-06,10,1,1,0
2534,6225,1,2023-05-06,6,4,1,1
2535,4974,3,2022-05-08,9,1,0,1
2536,5575,2,2023-07-27,2,1,0,0
2537,5454,3,2023-01-14,5,1,0,0
2538,3645,3,2023-12-02,7,1,1,0
2539,4225,1,2023-08-31,4,4,0,0
2540,4071,4,2025-07-03,6,4,0,0
2541,2027,3,2022-02-24,6,1,1,1
2542,21,3,2025-12-10,4,4,1,1
2543,6995,1,2023-01-17,4,2,0,0
2544,28,2,2022-01-18,9,1,1,0
2545,2498,4,2025-11-17,11,2,1,0
2546,5019,2,2023-09-01,1,2,0,0
2547,3564,2,2025-04-15,5,1,1,1
2548,4748,2,2022-10-04,11,2,1,0
2549,4929,4,2022-05-25,9,4,1,0
2550,1454,2,2022-05-26,9,2,0,1
2551,2283,2,2022-01-11,9,1,0,1
2552,2472,4,2022-02-28,2,2,0,0
2553,6749,4,2025-11-04,7,4,0,0
2554,5257,1,2023-09-15,10,2,1,1
2555,2130,2,2025-05-10,8,4,1,0
2556,6462,1,2023-07-09,1,3,0,0
2557,2413,3,2025-04-29,2,3,1,1
2558,4861,1,2022-03-01,1,1,1,0
2559,4836,1,2025-04-05,9,1,1,0
2560,4496,1,2022-06-29,10,1,1,0
2561,5987,1,2022-07-24,11,1,1,1
2562,6500,2,2022-11-16,5,1,0,1
2563,1476,3,2022-08-26,4,4,1,1
2564,936,3,2025-11-25,8,3,1,0
2565,235,4,2024-07-10,3,3,0,0
2566,35,3,2025-12-26,8,2,0,0
2567,4735,1,2022-09-13,3,3,0,1
2568,339,4,2023-07-11,6,1,0,0
2569,4028,1,2024-06-12,4,4,1,0
2570,3526,2,2024-06-13,8,4,1,0
2571,1503,2,2024-03-08,7,4,0,0
2572,5979,3,2024-12-15,5,3,1,0
2573,3125,1,2022-12-27,3,2,0,0
2574,3684,1,2025-10-28,5,1,0,0
2575,2491,1,2024-04-19,4,4,0,1
2576,4516,4,2025-02-09,8,4,0,0
2577,706,4,2023-07-02,11,1,0,0
2578,4848,4,2022-05-23,5,2,1,0
2579,4345,3,2023-04-11,10,3,0,1
2580,2341,3,2024-07-11,10,2,1,0
2581,4303,1,2022-02-20,5,1,0,1
2582,1125,1,2024-01-29,2,1,1,0
2583,5335,3,2022-10-30,9,4,1,1
2584,1600,4,2025-11-30,6,3,0,1
2585,4531,4,2024-10-06,11,2,1,0
2586,239,4,2025-08-21,1,3,1,0
2587,1148,4,2024-11-10,3,1,0,1
2588,4614,4,2024-12-07,4,4,0,0
2589,6881,3,2022-12-22,10,4,1,1
2590,3909,2,2025-05-06,10,2,0,1
2591,4245,2,2025-05-11,2,2,0,0
2592,2105,2,2024-07-16,11,3,1,1
2593,2204,1,2022-10-05,10,1,1,0
2594,3669,1,2022-07-19,4,2,0,0
2595,4632,4,2024-01-24,2,3,1,1
2596,2163,1,2025-04-22,6,4,1,0
2597,6748,3,2023-04-27,10,1,0,0
2598,6475,2,2025-02-05,9,4,1,0
2599,5311,3,2025-03-15,1,1,0,0
2600,3606,3,2024-10-23,5,1,1,0
2601,4462,3,2024-12-30,9,3,0,0
2602,3566,4,2022-10-31,11,4,0,0
2603,3618,4,2025-08-16,7,1,1,0
2604,5369,4,2022-08-18,11,4,1,1
2605,2934,1,2022-01-19,6,3,0,0
2606,3109,4,2022-10-14,7,1,1,0
2607,6441,1,2022-01-01,9,3,1,0
2608,465,3,2022-09-26,3,3,1,1
2609,2035,2,2023-10-20,8,2,1,0
2610,2895,4,2023-05-21,1,4,1,1
2611,5341,1,2023-03-19,10,3,1,0
2612,2786,1,2025-08-27,6,2,1,0
2613,2921,4,2022-10-14,9,4,1,0
2614,811,4,2024-04-06,1,1,1,0
2615,5910,3,2024-11-29,5,1,1,0
2616,5979,1,2022-09-12,8,3,1,0
2617,6630,2,2022-02-03,10,1,0,0
2618,399,3,2023-10-06,11,4,0,1
2619,1076,1,2024-12-13,6,1,1,0
2620,2820,3,2023-08-25,6,3,1,0
2621,1863,3,2023-01-21,3,4,1,0
2622,3280,4,2023-04-12,8,1,1,1
2623,886,2,2022-11-14,1,1,1,0
2624,5539,2,2023-05-22,4,4,0,0
2625,5580,1,2022-08-19,8,4,1,1
2626,2567,3,2022-12-17,6,1,0,0
2627,3241,4,2023-10-14,11,2,1,0
2628,1674,1,2022-11-08,9,1,1,1
2629,2750,1,2024-06-03,1,4,1,0
2630,1985,1,2023-11-04,2,4,0,1
2631,5260,2,2023-09-19,1,3,0,0
2632,6491,3,2023-11-13,11,3,0,0
2633,1692,3,2024-09-07,4,1,1,0
2634,4154,4,2024-10-07,9,3,1,0
2635,3768,2,2023-06-28,4,4,1,1
2636,658,2,2022-08-23,9,3,0,0
2637,3257,1,2022-03-25,6,3,1,0
2638,6322,4,2024-07-20,5,3,1,0
2639,4055,1,2025-04-26,10,4,0,1
2640,1511,4,2025-05-03,4,1,1,1
2641,6609,4,2024-06-07,10,4,0,0
2642,5247,2,2022-09-30,2,3,1,0
2643,1069,2,2023-06-02,8,2,1,0
2644,6334,3,2023-02-07,3,2,1,1
2645,1386,3,2024-10-14,1,4,0,0
2646,6510,3,2022-01-12,11,2,1,0
2647,6337,2,2022-06-02,10,4,0,0
2648,2615,1,2023-05-08,7,1,1,1
2649,6438,4,2024-07-10,8,4,0,0
2650,772,4,2024-05-19,7,4,0,0
2651,2575,3,2022-04-16,4,4,1,0
2652,2197,4,2023-04-25,8,3,1,0
2653,6293,4,2025-11-14,10,1,1,1
2654,6395,2,2024-08-11,4,4,0,1
2655,6579,2,2024-10-02,5,3,1,1
2656,6358,4,2023-04-17,8,3,1,0
2657,4716,1,2024-10-26,2,3,0,0
2658,1998,3,2022-02-04,10,3,1,0
2659,2083,4,2023-08-01,8,3,1,0
2660,2429,4,2025-10-11,5,1,1,1
2661,772,3,2023-06-12,5,1,1,0
2662,2275,2,2024-02-12,7,2,1,0
2663,6364,3,2024-02-26,4,1,1,0
2664,1164,1,2023-01-25,3,2,1,0
2665,3638,4,2022-04-21,6,2,0,1
2666,6942,4,2025-04-16,6,3,1,0
2667,6409,4,2024-05-06,10,1,1,0
2668,4883,3,2022-10-19,6,1,0,1
2669,4432,1,2024-11-23,7,3,1,1
2670,5057,4,2023-12-25,4,4,1,1
2671,3694,2,2023-12-19,3,3,1,0
2672,5677,1,2023-01-28,3,2,1,0
2673,3351,1,2025-10-20,3,1,1,0
2674,2380,1,2022-09-23,2,1,1,0
2675,773,1,2023-04-24,6,2,0,0
2676,724,2,2023-02-25,1,2,1,1
2677,1219,1,2023-06-30,6,2,0,0
2678,4727,2,2025-09-26,8,3,1,1
2679,706,3,2023-12-05,6,4,0,1
2680,5163,3,2024-01-09,2,2,0,1
2681,5076,3,2025-11-12,7,2,1,1
2682,1282,3,2025-11-04,3,3,1,0
2683,2736,2,2025-02-07,9,2,1,1
2684,4538,4,2025-08-09,11,2,0,0
2685,5416,2,2025-03-04,8,1,1,1
2686,611,3,2025-08-26,6,2,1,1
2687,6581,4,2024-03-31,1,4,1,0
2688,1732,4,2024-06-30,2,4,0,1
2689,5055,4,2024-09-05,8,2,1,0
2690,1653,4,2022-05-12,6,3,1,0
2691,5796,1,2022-10-31,1,2,1,0
2692,902,3,2024-04-22,9,1,0,1
2693,5518,3,2022-12-20,8,4,1,1
2694,4047,3,2025-05-21,2,1,1,0
2695,3197,2,2022-05-19,10,3,0,0
2696,5617,3,2024-01-31,5,1,0,0
2697,4897,3,2023-02-03,3,3,0,0
2698,3532,3,2023-09-30,1,4,1,0
2699,171,2,2023-03-23,7,1,1,0
2700,4406,3,2022-10-23,9,1,0,0
2701,2400,3,2023-03-27,11,2,1,1
2702,4956,1,2022-01-24,7,3,0,0
2703,3964,3,2022-12-01,3,2,1,0
2704,1375,4,2023-08-15,6,3,1,0
2705,1597,2,2022-10-25,3,2,1,0
2706,996,4,2025-01-05,4,4,1,0
2707,6285,1,2023-02-09,1,1,1,0
2708,3297,3,2023-04-05,2,2,0,0
2709,746,2,2025-09-05,1,1,0,1
2710,1810,1,2025-09-06,10,3,1,0
2711,6365,2,2022-12-22,2,3,0,0
2712,5485,4,2022-04-19,4,4,1,0
2713,743,1,2024-02-05,6,4,1,0
2714,6984,2,2023-07-17,11,1,0,0
2715,6257,4,2025-03-24,8,2,1,0
2716,3321,1,2024-07-01,10,4,1,0
2717,1494,3,2025-12-08,9,1,0,0
2718,3521,3,2025-07-27,10,2,0,0
2719,3423,4,2023-08-02,7,4,1,0
2720,3156,3,2025-09-19,4,1,1,0
2721,2724,3,2023-02-23,7,1,1,1
2722,2001,1,2023-07-06,1,4,1,0
2723,4269,1,2022-02-23,11,4,1,0
2724,6026,1,2025-05-17,10,4,0,0
2725,1929,1,2023-10-05,11,3,1,1
2726,6062,1,2025-08-16,11,2,0,0
2727,4241,1,2025-07-16,6,4,1,0
2728,4858,3,2025-01-16,1,2,1,1
2729,3523,1,2025-09-25,8,1,1,0
2730,6689,2,2024-12-11,4,2,1,1
2731,2369,2,2022-07-22,8,4,1,0
2732,1172,4,2025-09-14,8,1,1,0
2733,2754,2,2022-04-08,2,4,0,0
2734,6270,1,2022-07-29,6,4,0,1
2735,2960,3,2022-08-04,10,1,1,0
2736,6030,2,2025-06-07,4,2,1,0
2737,1665,1,2022-06-10,3,2,0,0
2738,2723,1,2024-08-24,9,1,1,0
2739,3201,3,2023-01-23,10,4,0,0
2740,683,1,2022-08-19,9,2,1,1
2741,5113,1,2022-11-07,2,2,1,0
2742,3909,2,2025-07-13,5,4,1,0
2743,1510,2,2023-10-29,10,2,1,0
2744,2264,4,2022-07-22,10,2,0,1
2745,6887,4,2025-06-26,7,3,1,1
2746,2285,2,2023-04-30,9,3,1,1
2747,2144,2,2024-10-04,8,1,1,0
2748,2960,4,2023-01-20,10,1,0,0
2749,1657,4,2022-10-30,4,4,0,0
2750,3267,2,2025-09-24,3,3,0,0
2751,1274,1,2022-09-05,1,1,1,0
2752,5743,1,2024-03-19,1,3,1,1
2753,3519,3,2025-11-11,9,1,1,0
2754,6216,2,2023-03-07,4,2,1,0
2755,2016,2,2025-07-03,8,2,1,1
2756,918,2,2024-05-24,4,4,0,1
2757,952,2,2024-03-22,6,3,1,1
2758,6196,2,2024-11-02,4,3,1,0
2759,3025,4,2024-05-01,2,3,1,1
2760,155,4,2023-09-26,1,3,1,0
2761,4416,1,2025-11-12,8,2,1,1
2762,301,1,2025-07-09,6,2,1,0
2763,195,2,2022-08-05,1,3,1,0
2764,6353,4,2025-05-25,5,4,1,0
2765,1438,1,2024-12-11,3,3,0,1
2766,733,2,2025-06-23,2,1,1,0
2767,4942,3,2025-12-12,3,2,1,1
2768,6942,2,2022-10-31,2,2,1,0
2769,3045,3,2022-12-31,10,3,1,0
2770,6397,3,2022-07-10,2,1,0,0
2771,1452,2,2025-03-16,1,4,1,0
2772,4710,2,2024-12-22,3,2,1,1
2773,1289,2,2024-12-13,3,1,0,0
2774,3248,2,2023-05-13,4,1,1,1
2775,1376,1,2022-11-25,3,2,0,0
2776,4280,1,2022-11-22,8,2,1,0
2777,3974,3,2023-08-25,4,1,1,1
2778,4595,2,2023-07-14,10,4,1,1
2779,3265,1,2022-06-10,1,1,1,0
2780,1000,1,2023-06-29,2,2,0,0
2781,6630,4,2024-04-17,7,3,1,0
2782,6339,4,2023-03-20,6,4,1,0
2783,2043,1,2024-02-05,9,1,1,0
2784,1045,3,2024-07-21,6,2,1,0
2785,3406,1,2022-11-28,2,1,1,0
2786,4894,2,2024-09-17,8,4,0,0
2787,5689,1,2025-12-20,9,4,1,0
2788,1079,4,2025-04-07,5,4,0,0
2789,5122,4,2024-02-23,6,4,1,0
2790,4400,2,2023-07-11,4,4,0,1
2791,1558,1,2023-12-07,11,2,0,0
2792,5261,2,2022-12-25,2,1,0,1
2793,2137,3,2025-01-05,5,1,1,0
2794,2928,4,2025-12-31,5,3,1,0
2795,1835,1,2025-03-27,1,4,0,0
2796,5104,1,2024-06-08,5,1,1,1
2797,6730,3,2023-11-23,1,4,1,0
2798,4401,3,2022-03-14,3,1,0,0
2799,3820,4,2023-11-01,11,1,0,0
2800,5285,3,2025-12-12,9,2,1,0
2801,5484,4,2025-08-26,4,2,0,1
2802,6675,4,2025-06-28,9,2,1,0
2803,4380,2,2024-08-06,6,4,1,0
2804,2044,2,2023-06-02,1,4,1,0
2805,441,4,2025-08-14,3,2,1,0
2806,3955,1,2025-12-06,3,1,0,1
2807,1469,2,2025-05-18,4,4,1,0
2808,1963,1,2024-01-23,10,4,0,0
2809,3449,3,2023-06-05,4,3,0,0
2810,3568,1,2024-10-17,8,1,1,1
2811,6332,3,2025-10-12,3,1,1,0
2812,2895,4,2022-04-01,11,3,0,1
2813,3936,4,2022-07-05,4,3,1,0
2814,3011,4,2025-12-09,3,3,1,0
2815,3864,3,2023-09-25,7,3,0,0
2816,3456,1,2022-03-16,6,3,1,1
2817,5548,2,2023-08-04,1,3,1,0
2818,745,2,2024-04-04,10,4,1,0
2819,6771,1,2024-03-19,1,4,0,0
2820,557,2,2023-04-23,6,4,1,0
2821,3801,3,2025-03-31,3,2,0,0
2822,4726,3,2024-09-03,9,3,1,1
2823,1852,2,2025-04-01,2,3,1,0
2824,2420,2,2023-06-01,3,3,0,0
2825,2357,3,2024-03-23,9,3,0,0
2826,5479,1,2022-01-15,6,4,0,0
2827,3865,2,2023-07-27,1,3,1,0
2828,4198,2,2025-12-04,2,2,1,1
2829,6276,4,2023-08-27,7,4,1,0
2830,1884,4,2023-07-02,6,4,0,0
2831,4298,1,2024-03-22,1,4,1,1
2832,3844,3,2024-05-19,10,2,0,0
2833,5967,1,2023-12-16,2,4,1,0
2834,6438,1,2022-04-17,6,2,0,1
2835,4129,1,2022-05-02,6,1,0,0
2836,18,2,2022-11-08,6,3,0,1
2837,4968,3,2024-06-21,9,2,0,0
2838,672,3,2022-12-28,2,3,0,1
2839,6112,2,2024-08-20,10,3,0,0
2840,6093,1,2024-11-30,10,4,0,1
2841,1139,4,2025-12-09,11,4,1,1
2842,208,2,2025-12-11,9,2,0,0
2843,161,1,2023-01-11,9,2,1,1
2844,3362,1,2023-03-15,10,4,1,0
2845,4415,1,2025-06-28,9,3,0,0
2846,4558,1,2025-07-17,9,4,0,0
2847,1583,4,2023-06-23,3,3,0,0
2848,1986,4,2022-02-10,10,1,1,1
2849,2957,2,2025-05-08,9,2,0,0
2850,6196,1,2024-02-04,10,4,0,0
2851,52,2,2025-05-23,9,3,1,0
2852,2666,1,2022-12-10,3,1,0,1
2853,4706,4,2022-02-17,4,3,1,1
2854,1745,2,2023-06-14,4,2,0,1
2855,6275,3,2022-02-03,4,4,0,0
2856,964,2,2022-08-07,7,3,0,0
2857,4319,3,2023-08-05,5,2,1,1
2858,6459,2,2023-01-08,7,4,1,1
2859,3711,4,2023-08-06,6,1,0,0
2860,4933,3,2022-12-18,7,3,0,1
2861,1150,4,2024-02-19,8,4,0,1
2862,2560,2,2023-01-19,6,4,0,0
2863,2178,4,2022-02-08,9,4,1,1
2864,2756,1,2024-02-22,4,2,1,1
2865,1068,3,2022-03-10,5,1,0,0
2866,1830,1,2024-04-25,9,1,1,0
2867,4284,3,2022-01-18,9,2,1,1
2868,4340,4,2025-09-03,2,3,1,0
2869,923,4,2025-11-18,2,2,1,1
2870,6747,1,2025-01-28,9,1,1,0
2871,6014,1,2024-10-30,6,2,0,1
2872,1551,2,2022-05-10,8,1,0,0
2873,2983,1,2022-05-13,8,1,0,0
2874,2045,3,2023-09-02,8,1,0,0
2875,2982,3,2022-02-09,5,1,1,1
2876,5814,3,2022-05-20,11,3,1,0
2877,4415,2,2022-09-14,11,1,1,1
2878,1598,2,2023-02-07,10,4,0,0
2879,5710,3,2023-03-26,4,4,1,0
2880,2322,1,2025-04-16,3,1,0,1
2881,4859,4,2025-01-24,4,1,0,0
2882,6215,2,2022-11-16,8,2,1,1
2883,6073,1,2023-05-22,4,3,1,0
2884,2022,2,2024-02-03,8,1,1,1
2885,6168,2,2024-04-17,8,2,1,0
2886,1318,4,2023-03-12,1,1,1,0
2887,6278,2,2024-12-01,11,3,1,0
2888,3476,2,2025-05-21,11,3,0,0
2889,6902,4,2023-05-19,9,4,1,0
2890,3556,3,2022-04-04,3,3,1,0
2891,4298,2,2023-03-23,6,4,1,1
2892,1558,2,2024-11-05,3,3,0,1
2893,6305,3,2023-02-05,9,2,1,1
2894,3799,3,2023-03-07,1,3,1,0
2895,1070,3,2022-12-03,7,2,0,0
2896,498,3,2025-06-09,5,4,1,0
2897,5558,1,2025-07-22,3,2,1,0
2898,105,3,2025-05-06,11,4,1,0
2899,3754,3,2023-07-06,7,3,0,1
2900,5043,3,2023-04-25,1,2,1,0
2901,4036,1,2022-02-17,6,2,1,1
2902,5205,4,2024-05-07,7,4,0,0
2903,1848,3,2023-03-18,9,3,1,0
2904,3149,1,2024-11-01,9,1,1,0
2905,1578,2,2023-11-20,7,1,1,0
2906,2573,4,2024-08-24,5,2,1,0
2907,6966,1,2022-09-14,7,4,1,0
2908,984,3,2023-03-04,11,4,0,0
2909,6435,4,2022-12-10,1,4,0,0
2910,6483,1,2024-11-13,7,3,1,0
2911,2061,1,2025-05-18,10,3,1,0
2912,4630,1,2023-03-04,4,3,0,0
2913,4648,1,2022-08-24,2,1,1,0
2914,6052,1,2024-12-11,6,2,0,0
2915,1500,1,2025-11-20,7,3,1,0
2916,127,1,2022-07-22,11,2,1,0
2917,6919,1,2022-05-10,7,4,1,0
2918,1758,2,2025-02-27,8,3,0,0
2919,5109,2,2022-11-15,5,3,0,0
2920,4919,3,2022-01-11,10,3,0,1
2921,5067,3,2024-12-11,11,2,1,0
2922,2270,3,2023-07-02,10,1,1,0
2923,1615,3,2022-02-10,11,1,1,1
2924,2445,3,2024-06-03,8,4,1,0
2925,99,3,2022-11-27,4,2,0,1
2926,1507,2,2025-08-14,10,3,1,0
2927,3476,2,2025-08-31,1,1,0,1
2928,5355,2,2022-07-23,8,4,0,0
2929,3258,1,2023-03-24,4,1,1,0
2930,4375,1,2023-11-07,5,2,0,0
2931,6837,3,2022-06-23,4,4,0,1
2932,5925,4,2023-07-29,7,2,1,1
2933,6932,2,2023-09-01,10,4,0,0
2934,376,4,2024-05-30,3,2,1,1
2935,3475,3,2025-08-31,2,3,1,0
2936,236,2,2022-11-22,10,3,1,0
2937,4754,4,2024-06-29,2,2,0,0
2938,4164,2,2024-06-04,7,2,0,0
2939,1981,4,2025-07-24,11,1,1,1
2940,6958,3,2024-01-12,10,1,0,0
2941,1200,3,2024-12-15,6,4,1,1
2942,6728,1,2022-03-20,2,2,1,1
2943,617,4,2023-12-19,8,2,1,0
2944,1954,2,2025-02-11,6,2,1,1
2945,5639,4,2023-07-28,8,1,1,1
2946,818,1,2022-02-25,6,1,0,1
2947,53,1,2023-12-08,4,3,1,0
2948,3030,1,2024-09-17,8,4,0,1
2949,5449,1,2024-03-12,4,1,0,0
2950,5387,2,2023-02-19,6,4,0,0
2951,4812,2,2024-07-13,5,4,1,0
2952,4488,1,2024-07-24,4,1,1,1
2953,3104,2,2025-12-26,7,2,1,0
2954,191,1,2024-11-25,8,2,0,0
2955,1719,3,2023-07-26,6,3,1,0
2956,831,1,2023-12-11,1,2,0,0
2957,3473,3,2023-02-18,7,2,1,0
2958,5274,1,2024-07-20,4,1,1,0
2959,2099,1,2022-08-05,2,4,0,0
2960,3361,2,2023-10-16,3,2,0,0
2961,2586,3,2025-08-14,10,1,0,0
2962,2326,2,2022-08-24,4,4,0,0
2963,451,1,2022-07-21,7,1,1,1
2964,5983,3,2022-09-17,9,2,0,0
2965,4430,1,2022-11-17,10,2,0,0
2966,765,3,2024-02-24,11,1,1,0
2967,5631,4,2023-04-08,6,3,1,1
2968,2554,3,2023-02-20,10,4,1,0
2969,482,4,2022-09-25,5,4,0,0
2970,2408,1,2024-09-17,9,2,0,0
2971,6847,1,2022-11-23,8,1,0,1
2972,6289,2,2025-09-23,8,1,0,1
2973,4649,4,2022-11-20,8,2,1,0
2974,76,2,2023-10-20,8,1,0,1
2975,4769,4,2024-10-20,8,2,0,0
2976,2336,1,2025-04-03,10,3,0,0
2977,5269,2,2024-03-10,10,4,1,0
2978,1461,4,2023-08-04,7,3,1,1
2979,5186,2,2024-03-23,2,1,1,1
2980,3249,1,2025-07-22,2,4,1,0
2981,5447,4,2025-05-24,11,2,1,0
2982,1999,3,2025-01-07,5,2,0,0
2983,2591,4,2025-04-22,6,4,0,0
2984,1884,1,2022-09-13,9,3,1,0
2985,5033,4,2022-10-16,1,3,1,1
2986,199,2,2022-08-06,11,2,1,0
2987,2468,1,2023-08-16,7,1,1,1
2988,1098,1,2024-06-11,7,2,1,0
2989,3495,3,2024-02-17,8,1,1,0
2990,4207,3,2025-09-27,1,1,1,1
2991,3966,2,2025-07-14,10,4,0,1
2992,2142,2,2025-08-10,4,4,1,0
2993,6504,4,2022-02-11,10,2,1,0
2994,297,2,2023-07-01,5,4,0,0
2995,2309,2,2024-01-14,2,2,0,0
2996,2773,2,2023-04-21,2,4,1,1
2997,3846,4,2022-08-02,11,3,1,1
2998,318,1,2023-03-26,4,3,0,1
2999,272,1,2022-01-15,3,3,1,0
3000,6352,4,2023-04-19,7,4,0,1
